time,pos_x,pos_y,pos_z,rot_x,rot_y,rot_z,moving
8.85318,-66.06745,2,14.588,-0.000005,0,-0.000059,False
8.890537,-66.06745,1.988228,14.588,-0.000005,0,-0.000059,False
8.91594,-66.06745,1.976456,14.588,-0.000005,0,-0.000059,False
8.922924,-66.06745,1.96076,14.588,-0.000005,0,-0.000059,False
8.960548,-66.06745,1.917596,14.588,-0.000005,0,-0.000059,False
9.000743,-66.06745,1.858736,14.588,-0.000005,0,-0.000059,False
9.011179,-66.06745,1.858736,14.588,-0.000005,0,-0.000059,False
9.034217,-66.06745,1.82342,14.588,-0.000005,0,-0.000059,False
9.040494,-66.06745,1.78418,14.588,-0.000005,0,-0.000059,False
9.07547,-66.06745,1.741016,14.588,-0.000005,0,-0.000059,False
9.112982,-66.06745,1.642916,14.588,-0.000005,0,-0.000059,False
9.121265,-66.06745,1.58798,14.588,-0.000005,0,-0.000059,False
9.129414,-66.06745,1.58798,14.588,-0.000005,0,-0.000059,False
9.187725,-66.06745,1.399628,14.588,-0.000005,0,-0.000059,False
9.195216,-66.06745,1.399628,14.588,-0.000005,0,-0.000059,False
9.206689,-66.06745,1.328996,14.588,-0.000005,0,-0.000059,False
9.23951,-66.06745,1.25444,14.588,-0.000005,0,-0.000059,False
9.260735,-66.06745,1.093556,14.588,-0.000005,0,-0.000059,False
9.281741,-66.06745,1.007228,14.588,-0.000005,0,-0.000059,False
9.302435,-66.06746,1.001445,14.58801,-0.000007,-0.000008,0.000246,False
9.323492,-66.06746,1.000289,14.58801,0.000013,-0.000016,0.000245,False
9.344378,-66.06746,1.000058,14.588,0.000019,-0.000018,0.00013,False
9.36663,-66.06745,1.000011,14.58801,-0.00001,-0.000013,0.000181,False
9.387676,-66.06745,1.000002,14.588,0.000015,-0.000005,-0.000149,False
9.409781,-66.06745,1,14.588,0.000003,-0.000004,-0.000055,False
9.430437,-66.06745,1,14.588,0,-0.000005,0.000021,False
9.451679,-66.06745,1,14.588,0.000001,-0.000007,0.000047,False
9.475356,-66.06745,1,14.588,0.000003,-0.000008,0.000046,False
9.500036,-66.06745,1,14.588,0.000002,-0.00001,0.000027,False
9.525123,-66.06745,1,14.588,0.000002,-0.00001,0.000027,False
9.550912,-66.06745,1,14.588,0.000002,-0.00001,0.000027,False
9.574459,-66.06745,1,14.588,0.000002,-0.00001,0.000027,False
9.599966,-66.06745,1,14.588,0.000002,-0.00001,0.000027,False
9.623467,-66.06745,1,14.588,0.000002,-0.00001,0.000027,False
9.648557,-66.06745,1,14.588,0.000002,-0.00001,0.000027,False
9.692945,-66.06745,1,14.588,0.000002,-0.00001,0.000027,False
9.705226,-66.06745,1,14.588,0.000002,-0.00001,0.000027,False
9.719013,-66.06745,1,14.588,0.000002,-0.00001,0.000027,False
9.753746,-66.06745,1,14.588,0.000002,-0.00001,0.000027,False
9.76956,-66.06745,1,14.588,0.000002,-0.00001,0.000027,False
9.789111,-66.06745,1,14.588,0.000002,-0.00001,0.000027,False
9.806087,-66.06745,1,14.588,0.000002,-0.00001,0.000027,False
9.82386,-66.06745,1,14.588,0.000002,-0.00001,0.000027,False
9.841989,-66.06745,1,14.588,0.000002,-0.00001,0.000027,False
9.861765,-66.06745,1,14.588,0.000002,-0.00001,0.000027,False
9.882581,-66.06745,1,14.588,0.000002,-0.00001,0.000027,False
9.901241,-66.06745,1,14.588,0.000002,-0.00001,0.000027,False
9.919367,-66.06745,1,14.588,0.000002,-0.00001,0.000027,False
9.936779,-66.06745,1,14.588,0.000002,-0.00001,0.000027,False
9.95531,-66.06745,1,14.588,0.000002,-0.00001,0.000027,False
9.973617,-66.06745,1,14.588,0.000002,-0.00001,0.000027,False
9.992413,-66.06745,1,14.588,0.000002,-0.00001,0.000027,False
10.01075,-66.06745,1,14.588,0.000002,-0.00001,0.000027,False
10.02859,-66.06745,1,14.588,0.000002,-0.00001,0.000027,False
10.04711,-66.06745,1,14.588,0.000002,-0.00001,0.000027,False
10.06459,-66.06745,1,14.588,0.000002,-0.00001,0.000027,False
10.08258,-66.06745,1,14.588,0.000002,-0.00001,0.000027,False
10.10125,-66.06745,1,14.588,0.000002,-0.00001,0.000027,False
10.1222,-66.06745,1,14.588,0.000002,-0.00001,0.000027,False
10.13715,-66.06745,1,14.588,0.000002,-0.00001,0.000027,False
10.1549,-66.06745,1,14.588,0.000002,-0.00001,0.000027,False
10.18943,-66.06745,1,14.588,0.000002,-0.00001,0.000027,False
10.1989,-66.06745,1,14.588,0.000002,-0.00001,0.000027,False
10.20628,-66.06745,1,14.588,0.000002,-0.00001,0.000027,False
10.24071,-66.06745,1,14.588,0.000002,-0.00001,0.000027,False
10.25828,-66.06745,1,14.588,0.000002,-0.00001,0.000027,False
10.28445,-66.06745,1,14.588,0.000002,-0.00001,0.000027,False
10.30843,-66.06745,1,14.588,0.000002,-0.00001,0.000027,False
10.33227,-66.06745,1,14.588,0.000002,-0.00001,0.000027,False
10.35429,-66.06745,1,14.588,0.000002,-0.00001,0.000027,False
10.37456,-66.06745,1,14.588,0.000002,-0.00001,0.000027,False
10.39488,-66.06745,1,14.588,0.000002,-0.00001,0.000027,False
10.41496,-66.06745,1,14.588,0.000002,-0.00001,0.000027,False
10.43409,-66.06745,1,14.588,0.000002,-0.00001,0.000027,False
10.45427,-66.06745,1,14.588,0.000002,-0.00001,0.000027,False
10.47495,-66.06745,1,14.588,0.000002,-0.00001,0.000027,False
10.4948,-66.06745,1,14.588,0.000002,-0.00001,0.000027,False
10.51379,-66.06745,1,14.588,0.000002,-0.00001,0.000027,False
10.53421,-66.06745,1,14.588,0.000002,-0.00001,0.000027,False
10.55517,-66.06745,1,14.588,0.000002,-0.00001,0.000027,False
10.5772,-66.06745,1,14.588,0.000002,-0.00001,0.000027,False
10.59848,-66.06745,1,14.588,0.000002,-0.00001,0.000027,False
10.61821,-66.06745,1,14.588,0.000002,-0.00001,0.000027,False
10.63807,-66.06745,1,14.588,0.000002,-0.00001,0.000027,False
10.66011,-66.06745,1,14.588,0.000002,-0.00001,0.000027,False
10.70448,-66.06745,1,14.588,0.000002,-0.00001,0.000027,False
10.71401,-66.06745,1,14.588,0.000002,-0.00001,0.000027,False
10.72717,-66.06745,1,14.588,0.000002,-0.00001,0.000027,False
10.76139,-66.06745,1,14.588,0.000002,-0.00001,0.000027,False
10.77783,-66.06745,1,14.588,0.000002,-0.00001,0.000027,False
10.79729,-66.06745,1,14.588,0.000002,-0.00001,0.000027,False
10.81663,-66.06745,1,14.588,0.000002,-0.00001,0.000027,False
10.83573,-66.06745,1,14.588,0.000002,-0.00001,0.000027,False
10.85532,-66.06745,1,14.588,0.000002,-0.00001,0.000027,False
10.87607,-66.06745,1,14.588,0.000002,-0.00001,0.000027,False
10.89824,-66.06745,1,14.588,0.000002,-0.00001,0.000027,False
10.92182,-66.06745,1,14.588,0.000002,-0.00001,0.000027,False
10.94571,-66.06745,1,14.588,0.000002,-0.00001,0.000027,False
10.98866,-66.06745,1,14.588,0.000002,-0.00001,0.000027,False
11.00427,-66.06745,1,14.588,0.000002,-0.00001,0.000027,False
11.02996,-66.06745,1,14.588,0.000002,-0.00001,0.000027,False
11.05553,-66.06745,1,14.588,0.000002,-0.00001,0.000027,False
11.06213,-66.06745,1,14.588,0.000002,-0.00001,0.000027,False
11.09506,-66.06745,1,14.588,0.000002,-0.00001,0.000027,False
11.11717,-66.06745,1,14.588,0.000002,-0.00001,0.000027,False
11.13956,-66.06745,1,14.588,0.000002,-0.00001,0.000027,False
11.1608,-66.06745,1,14.588,0.000002,-0.00001,0.000027,False
11.20739,-66.06745,1,14.588,0.000002,-0.00001,0.000027,False
11.21506,-66.06745,1,14.588,0.000002,-0.00001,0.000027,False
11.22974,-66.06745,1,14.588,0.000002,-0.00001,0.000027,False
11.26195,-66.06745,1,14.588,0.000002,-0.00001,0.000027,False
11.28299,-66.06745,1,14.588,0.000002,-0.00001,0.000027,False
11.3062,-66.06745,1,14.588,0.000002,-0.00001,0.000027,False
11.32698,-66.06745,1,14.588,0.000002,-0.00001,0.000027,False
11.34768,-66.06745,1,14.588,0.000002,-0.00001,0.000027,False
11.3691,-66.06745,1,14.588,0.000002,-0.00001,0.000027,False
11.38934,-66.06745,1,14.588,0.000002,-0.00001,0.000027,False
11.4089,-66.06745,1,14.588,0.000002,-0.00001,0.000027,False
11.43034,-66.06745,1,14.588,0.000002,-0.00001,0.000027,False
11.45158,-66.06745,1,14.588,0.000002,-0.00001,0.000027,False
11.47224,-66.06745,1,14.588,0.000002,-0.00001,0.000027,False
11.49335,-66.06745,1,14.588,0.000002,-0.00001,0.000027,False
11.51436,-66.06745,1,14.588,0.000002,-0.00001,0.000027,False
11.53604,-66.06745,1,14.588,0.000002,-0.00001,0.000027,False
11.55692,-66.06745,1,14.588,0.000002,-0.00001,0.000027,False
11.57616,-66.06745,1,14.588,0.000002,-0.00001,0.000027,False
11.59689,-66.06745,1,14.588,0.000002,-0.00001,0.000027,False
11.61646,-66.06745,1,14.588,0.000002,-0.00001,0.000027,False
11.63665,-66.06745,1,14.588,0.000002,-0.00001,0.000027,False
11.65793,-66.06745,1,14.588,0.000002,-0.00001,0.000027,False
11.67842,-66.06745,1,14.588,0.000002,-0.00001,0.000027,False
11.7226,-66.06745,1,14.588,0.000002,-0.00001,0.000027,False
11.73424,-66.06745,1,14.588,0.000002,-0.00001,0.000027,False
11.74741,-66.06745,1,14.588,0.000002,-0.00001,0.000027,False
11.78074,-66.06745,1,14.588,0.000002,-0.00001,0.000027,False
11.79716,-66.06745,1,14.588,0.000002,-0.00001,0.000027,False
11.81266,-66.06745,1,14.588,0.000002,-0.00001,0.000027,False
11.82932,-66.06745,1,14.588,0.000002,-0.00001,0.000027,False
11.84888,-66.06745,1,14.588,0.000002,-0.00001,0.000027,False
11.86663,-66.06745,1,14.588,0.000002,-0.00001,0.000027,False
11.88494,-66.06745,1,14.588,0.000002,-0.00001,0.000027,False
11.90242,-66.06745,1,14.588,0.000002,-0.00001,0.000027,False
11.92175,-66.06745,1,14.588,0.000002,-0.00001,0.000027,False
11.94009,-66.06745,1,14.588,0.000002,-0.00001,0.000027,False
11.95866,-66.06745,1,14.588,0.000002,-0.00001,0.000027,False
11.97718,-66.06745,1,14.588,0.000002,-0.00001,0.000027,False
11.99457,-66.06745,1,14.588,0.000002,-0.00001,0.000027,False
12.01246,-66.06745,1,14.588,0.000002,-0.00001,0.000027,False
12.03028,-66.06745,1,14.588,0.000002,-0.00001,0.000027,False
12.04754,-66.06745,1,14.588,0.000002,-0.00001,0.000027,False
12.06558,-66.06745,1,14.588,0.000002,-0.00001,0.000027,False
12.08327,-66.06745,1,14.588,0.000002,-0.00001,0.000027,False
12.10197,-66.06745,1,14.588,0.000002,-0.00001,0.000027,False
12.11906,-66.06745,1,14.588,0.000002,-0.00001,0.000027,False
12.1382,-66.06745,1,14.588,0.000002,-0.00001,0.000027,False
12.1552,-66.06745,1,14.588,0.000002,-0.00001,0.000027,False
12.17388,-66.06745,1,14.588,0.000002,-0.00001,0.000027,False
12.19119,-66.06745,1,14.588,0.000002,-0.00001,0.000027,False
12.22897,-66.06745,1,14.588,0.000002,-0.00001,0.000027,False
12.23999,-66.06745,1,14.588,0.000002,-0.00001,0.000027,False
12.25035,-66.06745,1,14.588,0.000002,-0.00001,0.000027,False
12.28752,-66.06745,1,14.588,0.000002,-0.00001,0.000027,False
12.30343,-66.06745,1,14.588,0.000002,-0.00001,0.000027,False
12.32907,-66.06745,1,14.588,0.000002,-0.00001,0.000027,False
12.35109,-66.06745,1,14.588,0.000002,-0.00001,0.000027,False
12.37144,-66.06745,1,14.588,0.000002,-0.00001,0.000027,False
12.39205,-66.06745,1,14.588,0.000002,-0.00001,0.000027,False
12.41276,-66.06745,1,14.588,0.000002,-0.00001,0.000027,False
12.43442,-66.06745,1,14.588,0.000002,-0.00001,0.000027,False
12.45555,-66.06745,1,14.588,0.000002,-0.00001,0.000027,False
12.4751,-66.06745,1,14.588,0.000002,-0.00001,0.000027,False
12.49582,-66.06745,1,14.588,0.000002,-0.00001,0.000027,False
12.51934,-66.06745,1,14.588,0.000002,-0.00001,0.000027,False
12.53753,-66.06745,1,14.588,0.000002,-0.00001,0.000027,False
12.55551,-66.06745,1,14.588,0.000002,-0.00001,0.000027,False
12.57484,-66.06745,1,14.588,0.000002,-0.00001,0.000027,False
12.59488,-66.06745,1,14.588,0.000002,-0.00001,0.000027,False
12.61636,-66.06745,1,14.588,0.000002,-0.00001,0.000027,False
12.63681,-66.06745,1,14.588,0.000002,-0.00001,0.000027,False
12.65742,-66.06745,1,14.588,0.000002,-0.00001,0.000027,False
12.67703,-66.06745,1,14.588,0.000002,-0.00001,0.000027,False
12.69726,-66.06745,1,14.588,0.000002,-0.00001,0.000027,False
12.73797,-66.06745,1,14.588,0.000002,-0.00001,0.000027,False
12.74872,-66.06745,1,14.588,0.000002,-0.00001,0.000027,False
12.76024,-66.06745,1,14.588,0.000002,-0.00001,0.000027,False
12.79547,-66.06745,1,14.588,0.000002,-0.00001,0.000027,False
12.8124,-66.06745,1,14.588,0.000002,-0.00001,0.000027,False
12.83124,-66.06745,1,14.588,0.000002,-0.00001,0.000027,False
12.84992,-66.06745,1,14.588,0.000002,-0.00001,0.000027,False
12.86819,-66.06745,1,14.588,0.000002,-0.00001,0.000027,False
12.88478,-66.06745,1,14.588,0.000002,-0.00001,0.000027,False
12.90166,-66.06745,1,14.588,0.000002,-0.00001,0.000027,False
12.91979,-66.06745,1,14.588,0.000002,-0.00001,0.000027,False
12.93799,-66.06745,1,14.588,0.000002,-0.00001,0.000027,False
12.95733,-66.06745,1,14.588,0.000002,-0.00001,0.000027,False
12.97634,-66.06745,1,14.588,0.000002,-0.00001,0.000027,False
12.99517,-66.06745,1,14.588,0.000002,-0.00001,0.000027,False
13.01416,-66.06745,1,14.588,0.000002,-0.00001,0.000027,False
13.03266,-66.06745,1,14.588,0.000002,-0.00001,0.000027,False
13.05125,-66.06745,1,14.588,0.000002,-0.00001,0.000027,False
13.06821,-66.06745,1,14.588,0.000002,-0.00001,0.000027,False
13.08445,-66.06745,1,14.588,0.000002,-0.00001,0.000027,False
13.10139,-66.06745,1,14.588,0.000002,-0.00001,0.000027,False
13.11972,-66.06745,1,14.588,0.000002,-0.00001,0.000027,False
13.13791,-66.06745,1,14.588,0.000002,-0.00001,0.000027,False
13.15679,-66.06745,1,14.588,0.000002,-0.00001,0.000027,False
13.17626,-66.06745,1,14.588,0.000002,-0.00001,0.000027,False
13.20568,-66.06745,1,14.588,0.000002,-0.00001,0.000027,False
13.23033,-66.06745,1,14.588,0.000002,-0.00001,0.000027,False
13.24984,-66.06745,1,14.588,0.000002,-0.00001,0.000027,False
13.25736,-66.06745,1,14.588,0.000002,-0.00001,0.000027,False
13.29381,-66.06745,1,14.588,0.000002,-0.00001,0.000027,False
13.31628,-66.06745,1,14.588,0.000002,-0.00001,0.000027,False
13.33927,-66.06745,1,14.588,0.000002,-0.00001,0.000027,False
13.37792,-66.06745,1,14.588,0.000002,-0.00001,0.000027,False
13.3866,-66.06745,1,14.588,0.000002,-0.00001,0.000027,False
13.39406,-66.06745,1,14.588,0.000002,-0.00001,0.000027,False
13.43294,-66.06745,1,14.588,0.000002,-0.00001,0.000027,False
13.449,-66.06745,1,14.588,0.000002,-0.00001,0.000027,False
13.4738,-66.06745,1,14.588,0.000002,-0.00001,0.000027,False
13.49807,-66.06745,1,14.588,0.000002,-0.00001,0.000027,False
13.52376,-66.06745,1,14.588,0.000002,-0.00001,0.000027,False
13.55069,-66.06745,1,14.588,0.000002,-0.00001,0.000027,False
13.5745,-66.06745,1,14.588,0.000002,-0.00001,0.000027,False
13.59777,-66.06745,1,14.588,0.000002,-0.00001,0.000027,False
13.62067,-66.06745,1,14.588,0.000002,-0.00001,0.000027,False
13.64426,-66.06745,1,14.588,0.000002,-0.00001,0.000027,False
13.66734,-66.06745,1,14.588,0.000002,-0.00001,0.000027,False
13.6904,-66.06745,1,14.588,0.000002,-0.00001,0.000027,False
13.71305,-66.06745,1,14.588,0.000002,-0.00001,0.000027,False
13.75194,-66.06745,1,14.588,0.000002,-0.00001,0.000027,False
13.76254,-66.06745,1,14.588,0.000002,-0.00001,0.000027,False
13.77239,-66.06745,1,14.588,0.000002,-0.00001,0.000027,False
13.81119,-66.06745,1,14.588,0.000002,-0.00001,0.000027,False
13.82644,-66.06745,1,14.588,0.000002,-0.00001,0.000027,False
13.85455,-66.06745,1,14.588,0.000002,-0.00001,0.000027,False
13.87696,-66.06745,1,14.588,0.000002,-0.00001,0.000027,False
13.89863,-66.06745,1,14.588,0.000002,-0.00001,0.000027,False
13.92079,-66.06745,1,14.588,0.000002,-0.00001,0.000027,False
13.94249,-66.06745,1,14.588,0.000002,-0.00001,0.000027,False
13.96086,-66.06745,1,14.588,0.000002,-0.00001,0.000027,False
13.97872,-66.06745,1,14.588,0.000002,-0.00001,0.000027,False
13.99748,-66.06745,1,14.588,0.000002,-0.00001,0.000027,False
14.01643,-66.06745,1,14.588,0.000002,-0.00001,0.000027,False
14.03444,-66.06745,1,14.588,0.000002,-0.00001,0.000027,False
14.05155,-66.06745,1,14.588,0.000002,-0.00001,0.000027,False
14.06843,-66.06745,1,14.588,0.000002,-0.00001,0.000027,False
14.08564,-66.06745,1,14.588,0.000002,-0.00001,0.000027,False
14.10404,-66.06745,1,14.588,0.000002,-0.00001,0.000027,False
14.12241,-66.06745,1,14.588,0.000002,-0.00001,0.000027,False
14.14218,-66.06745,1,14.588,0.000002,-0.00001,0.000027,False
14.16207,-66.06745,1,14.588,0.000002,-0.00001,0.000027,False
14.18179,-66.06745,1,14.588,0.000002,-0.00001,0.000027,False
14.20117,-66.06745,1,14.588,0.000002,-0.00001,0.000027,False
14.21968,-66.06745,1,14.588,0.000002,-0.00001,0.000027,False
14.25654,-66.06745,1,14.588,0.000002,-0.00001,0.000027,False
14.2665,-66.06745,1,14.588,0.000002,-0.00001,0.000027,False
14.27518,-66.06745,1,14.588,0.000002,-0.00001,0.000027,False
14.3113,-66.06745,1,14.588,0.000002,-0.00001,0.000027,False
14.33147,-66.06745,1,14.588,0.000002,-0.00001,0.000027,False
14.34999,-66.06745,1,14.588,0.000002,-0.00001,0.000027,False
14.36958,-66.06745,1,14.588,0.000002,-0.00001,0.000027,False
14.38853,-66.06745,1,14.588,0.000002,-0.00001,0.000027,False
14.40794,-66.06745,1,14.588,0.000002,-0.00001,0.000027,False
14.42762,-66.06745,1,14.588,0.000002,-0.00001,0.000027,False
14.44687,-66.06745,1,14.588,0.000002,-0.00001,0.000027,False
14.46694,-66.06745,1,14.588,0.000002,-0.00001,0.000027,False
14.48824,-66.06745,1,14.588,0.000002,-0.00001,0.000027,False
14.5085,-66.06745,1,14.588,0.000002,-0.00001,0.000027,False
14.52764,-66.06745,1,14.588,0.000002,-0.00001,0.000027,False
14.54757,-66.06745,1,14.588,0.000002,-0.00001,0.000027,False
14.5662,-66.06745,1,14.588,0.000002,-0.00001,0.000027,False
14.58536,-66.06745,1,14.588,0.000002,-0.00001,0.000027,False
14.6043,-66.06745,1,14.588,0.000002,-0.00001,0.000027,False
14.62389,-66.06745,1,14.588,0.000002,-0.00001,0.000027,False
14.64281,-66.06745,1,14.588,0.000002,-0.00001,0.000027,False
14.66112,-66.06745,1,14.588,0.000002,-0.00001,0.000027,False
14.67988,-66.06745,1,14.588,0.000002,-0.00001,0.000027,False
14.69877,-66.06745,1,14.588,0.000002,-0.00001,0.000027,False
14.71835,-66.06745,1,14.588,0.000002,-0.00001,0.000027,False
14.75893,-66.06745,1,14.588,0.000002,-0.00001,0.000027,False
14.77073,-66.06745,1,14.588,0.000002,-0.00001,0.000027,False
14.78171,-66.06745,1,14.588,0.000002,-0.00001,0.000027,False
14.81904,-66.06745,1,14.588,0.000002,-0.00001,0.000027,False
14.8342,-66.06745,1,14.588,0.000002,-0.00001,0.000027,False
14.8604,-66.06745,1,14.588,0.000002,-0.00001,0.000027,False
14.88569,-66.06745,1,14.588,0.000002,-0.00001,0.000027,False
14.92466,-66.06745,1,14.588,0.000002,-0.00001,0.000027,False
14.93701,-66.06745,1,14.588,0.000002,-0.00001,0.000027,False
14.96138,-66.06745,1,14.588,0.000002,-0.00001,0.000027,False
14.96979,-66.06745,1,14.588,0.000002,-0.00001,0.000027,False
15.00539,-66.06745,1,14.588,0.000002,-0.00001,0.000027,False
15.02248,-66.06745,1,14.588,0.000002,-0.00001,0.000027,False
15.044,-66.06745,1,14.588,0.000002,-0.00001,0.000027,False
15.06514,-66.06745,1,14.588,0.000002,-0.00001,0.000027,False
15.08865,-66.06745,1,14.588,0.000002,-0.00001,0.000027,False
15.09599,-66.06745,1,14.588,0.000002,-0.00001,0.000027,False
15.13071,-66.06745,1,14.588,0.000002,-0.00001,0.000027,False
15.15259,-66.06745,1,14.588,0.000002,-0.00001,0.000027,False
15.17505,-66.06745,1,14.588,0.000002,-0.00001,0.000027,False
15.19699,-66.06745,1,14.588,0.000002,-0.00001,0.000027,False
15.219,-66.06745,1,14.588,0.000002,-0.00001,0.000027,False
15.26799,-66.06745,1,14.588,0.000002,-0.00001,0.000027,False
15.27772,-66.06745,1,14.588,0.000002,0.291794,0.000027,False
15.32057,-66.06745,1,14.588,-0.000002,1.577553,0.000024,False
15.3303,-66.06745,1,14.588,-0.000002,1.869285,0.000024,False
15.33719,-66.06745,1,14.588,-0.000003,2.075992,0.000024,False
15.37552,-66.06745,1,14.588,0,3.225864,0.000013,False
15.39483,-66.06745,1,14.588,0,3.805302,0.000007,False
15.41408,-66.06745,1,14.588,0.000001,4.382697,0.000001,False
15.43382,-66.06745,1,14.588,0,4.974978,-0.000003,False
15.45498,-66.06745,1,14.588,0,5.609772,-0.000002,False
15.48923,-66.06745,1,14.588,0,6.63733,-0.000001,False
15.50003,-66.06745,1,14.588,0,6.961272,-0.000001,False
15.50776,-66.06745,1,14.588,0,7.193117,-0.000001,False
15.54351,-66.06745,1,14.588,0,8.265663,0,False
15.5594,-66.06745,1,14.588,0,8.74231,0,False
15.5833,-66.06745,1,14.588,0,9.459402,0,False
15.60517,-66.06745,1,14.588,0,10.11538,-0.000001,False
15.62624,-66.06745,1,14.588,0,10.7474,-0.000002,False
15.64718,-66.06745,1,14.588,0,11.37582,-0.000003,False
15.66924,-66.06745,1,14.588,0,12.03739,-0.000002,False
15.69004,-66.06745,1,14.588,0,12.66151,-0.000002,False
15.71023,-66.06745,1,14.588,0,13.26713,-0.000002,False
15.72983,-66.06745,1,14.588,0,13.85534,-0.000004,False
15.7718,-66.06745,1,14.588,0.000001,15.11437,-0.000004,False
15.78351,-66.06745,1,14.588,0,15.46555,-0.000004,False
15.79575,-66.06745,1,14.588,0,15.8329,-0.000004,False
15.83044,-66.06745,1,14.588,0.000001,16.87353,-0.000003,False
15.84519,-66.06745,1,14.588,0,17.31612,-0.000004,False
15.86535,-66.06745,1,14.588,0,17.92072,-0.000005,False
15.88332,-66.06745,1,14.588,0,18.45979,-0.000005,False
15.90167,-66.06745,1,14.588,0,19.01042,-0.000005,False
15.9211,-66.06745,1,14.588,0,19.59336,-0.000006,False
15.94003,-66.06745,1,14.588,0,20.16117,-0.000005,False
15.95937,-66.06745,1,14.588,0,20.74149,-0.000005,False
15.97782,-66.06745,1,14.588,0,21.29494,-0.000006,False
15.99721,-66.06745,1,14.588,0,21.87646,-0.000007,False
16.01712,-66.06745,1,14.588,0,22.47395,-0.00001,False
16.03749,-66.06745,1,14.588,0,23.08483,-0.00001,False
16.05807,-66.06745,1,14.588,0,23.70245,-0.00001,False
16.07665,-66.06745,1,14.588,0,24.25986,-0.00001,False
16.09727,-66.06745,1,14.588,0,24.87844,-0.000011,False
16.11799,-66.06745,1,14.588,0,25.50014,-0.00001,False
16.13783,-66.06745,1,14.588,0,26.09506,-0.000011,False
16.15694,-66.06745,1,14.588,0,26.66859,-0.00001,False
16.17585,-66.06745,1,14.588,0,27.23573,-0.00001,False
16.19574,-66.06745,1,14.588,0.000006,27.83249,-0.000002,False
16.2162,-66.06745,1,14.588,-0.000001,28.44644,-0.00001,False
16.23564,-66.06745,1,14.588,-0.000002,29.02961,-0.000014,False
16.27335,-66.06745,1,14.588,-0.000002,30.1607,-0.000013,False
16.2859,-66.06745,1,14.588,-0.000001,30.53718,-0.000011,False
16.29651,-66.06745,1,14.588,-0.000001,30.85552,-0.000011,False
16.33643,-66.06745,1,14.588,-0.000002,32.05317,-0.000006,False
16.36065,-66.06745,1,14.588,0,32.77997,-0.00001,False
16.38446,-66.06745,1,14.588,0,33.49408,-0.000013,False
16.40819,-66.06745,1,14.588,0,34.20599,-0.000014,False
16.42934,-66.06745,1,14.588,0,34.84047,-0.000014,False
16.45195,-66.06745,1,14.588,0,35.51893,-0.000012,False
16.47466,-66.06745,1,14.588,-0.000002,36.2001,-0.000014,False
16.49801,-66.06745,1,14.588,0.000006,36.90068,-0.000005,False
16.51918,-66.06745,1,14.588,-0.000001,37.53568,-0.000008,False
16.54082,-66.06745,1,14.588,-0.000003,38.18499,-0.000011,False
16.56142,-66.06745,1,14.588,-0.000001,38.80302,-0.000011,False
16.58243,-66.06745,1,14.588,-0.000001,39.43311,-0.00001,False
16.60533,-66.06745,1,14.588,0,40.12019,-0.00001,False
16.62798,-66.06745,1,14.588,0,40.79958,-0.000011,False
16.65148,-66.06745,1,14.588,0,41.50473,-0.000011,False
16.67568,-66.06745,1,14.588,0,42.23072,-0.000011,False
16.70174,-66.06745,1,14.588,-0.000001,43.01252,-0.000005,False
16.72654,-66.06745,1,14.588,0.000004,43.7564,0.000002,False
16.74962,-66.06745,1,14.588,-0.000003,44.44893,-0.000009,False
16.7968,-66.06745,1,14.588,-0.000001,45.86422,-0.000007,False
16.80997,-66.06745,1,14.588,-0.000001,46.2595,-0.000006,False
16.82425,-66.06745,1,14.588,0,46.688,-0.000005,False
16.85776,-66.06745,1,14.588,0,47.69315,-0.000005,False
16.87578,-66.06745,1,14.588,-0.000002,48.23365,-0.000012,False
16.89332,-66.06745,1,14.588,0,48.76005,-0.000008,False
16.91006,-66.06745,1,14.588,0,49.26206,-0.000008,False
16.92766,-66.06745,1,14.588,0,49.79021,-0.000007,False
16.94557,-66.06745,1,14.588,0,50.32755,-0.000006,False
16.9634,-66.06745,1,14.588,0,50.86226,-0.000004,False
16.98151,-66.06745,1,14.588,0,51.40575,-0.000002,False
16.99845,-66.06745,1,14.588,0,51.91384,-0.000002,False
17.01623,-66.06745,1,14.588,0,52.44729,-0.000003,False
17.03433,-66.06745,1,14.588,0,52.99016,-0.000003,False
17.05338,-66.06745,1,14.588,0,53.5618,-0.000003,False
17.07127,-66.06745,1,14.588,0,54.09851,-0.000003,False
17.09077,-66.06745,1,14.588,0,54.68347,-0.000002,False
17.10849,-66.06745,1,14.588,0,55.21498,-0.000002,False
17.1259,-66.06745,1,14.588,0,55.73736,-0.000002,False
17.1425,-66.06745,1,14.588,0,56.23545,-0.000002,False
17.16088,-66.06745,1,14.588,0,56.78672,-0.000002,False
17.17863,-66.06745,1,14.588,0,57.3194,-0.000002,False
17.1963,-66.06745,1,14.588,0,57.8494,-0.000001,False
17.2147,-66.06745,1,14.588,0.000004,58.40145,0.000004,False
17.23167,-66.06745,1,14.588,0,58.91053,0,False
17.25103,-66.06745,1,14.588,-0.000001,59.49127,0,False
17.27088,-66.06745,1,14.588,0,60.08669,0,False
17.3067,-66.06745,1,14.588,0,61.16148,0.000001,False
17.31819,-66.06745,1,14.588,0,61.50593,0.000001,False
17.32675,-66.06745,1,14.588,0,61.76275,0.000002,False
17.36863,-66.06745,1,14.588,0,63.01918,0.000002,False
17.38125,-66.06745,1,14.588,-0.000005,63.39797,-0.000007,False
17.41811,-66.06745,1,14.588,-0.000005,64.50362,-0.000015,False
17.4427,-66.06745,1,14.588,-0.000006,65.24142,-0.000023,False
17.46705,-66.06745,1,14.588,-0.000007,65.97182,-0.000022,False
17.48964,-66.06745,1,14.588,-0.000006,66.64941,-0.000019,False
17.5117,-66.06745,1,14.588,-0.000006,67.31122,-0.000018,False
17.53541,-66.06745,1,14.588,-0.000007,68.02259,-0.000019,False
17.55739,-66.06745,1,14.588,-0.000007,68.68206,-0.00002,False
17.57851,-66.06745,1,14.588,-0.000009,69.31554,-0.000021,False
17.59606,-66.06745,1,14.588,-0.000008,69.84212,-0.00002,False
17.61332,-66.06745,1,14.588,-0.000009,70.35984,-0.000021,False
17.63125,-66.06745,1,14.588,-0.000006,70.89774,-0.000021,False
17.64935,-66.06745,1,14.588,-0.000007,71.44074,-0.00002,False
17.66653,-66.06745,1,14.588,-0.000006,71.95616,-0.00002,False
17.6845,-66.06745,1,14.588,-0.000006,72.49539,-0.000021,False
17.70229,-66.06745,1,14.588,-0.000004,73.02895,-0.00002,False
17.72153,-66.06745,1,14.588,-0.000004,73.60612,-0.000019,False
17.73948,-66.06745,1,14.588,-0.000004,74.14469,-0.000019,False
17.75678,-66.06745,1,14.588,-0.000005,74.66367,-0.000019,False
17.77487,-66.06745,1,14.588,-0.000006,75.20634,-0.000019,False
17.812,-66.06745,1,14.588,-0.000004,76.32025,-0.000021,False
17.82364,-66.06745,1,14.588,-0.000003,76.66948,-0.000019,False
17.8329,-66.06745,1,14.588,-0.000003,76.94743,-0.000019,False
17.87149,-66.06745,1,14.588,-0.000006,78.10508,-0.00002,False
17.88667,-66.06745,1,14.588,-0.000007,78.56059,-0.00002,False
17.91454,-66.06745,1,14.588,-0.000005,79.39653,-0.000019,False
17.93785,-66.06745,1,14.588,-0.000005,80.09577,-0.000018,False
17.96103,-66.06745,1,14.588,-0.000004,80.79119,-0.000019,False
17.9844,-66.06745,1,14.588,-0.000004,81.49246,-0.000019,False
18.00443,-66.06745,1,14.588,-0.000004,82.09325,-0.000017,False
18.02261,-66.06745,1,14.588,-0.000003,82.63876,-0.000016,False
18.04096,-66.06745,1,14.588,-0.000005,83.18903,-0.000016,False
18.05946,-66.06745,1,14.588,-0.000004,83.7442,-0.000016,False
18.07739,-66.06745,1,14.588,-0.000003,84.28217,-0.000015,False
18.09562,-66.06745,1,14.588,-0.000002,84.82913,-0.000016,False
18.11352,-66.06745,1,14.588,-0.000005,85.36582,-0.000017,False
18.13078,-66.06745,1,14.588,-0.000002,85.88368,-0.000015,False
18.14844,-66.06745,1,14.588,-0.000003,86.41354,-0.000015,False
18.16586,-66.06745,1,14.588,-0.000005,86.93608,-0.000016,False
18.18402,-66.06745,1,14.588,-0.000005,87.48085,-0.000014,False
18.20248,-66.06745,1,14.588,-0.000003,88.03477,-0.000013,False
18.22017,-66.06745,1,14.588,-0.000003,88.56548,-0.000014,False
18.23733,-66.06745,1,14.588,-0.000003,89.08026,-0.000014,False
18.25552,-66.06745,1,14.588,-0.000003,89.62601,-0.000015,False
18.27204,-66.06745,1,14.588,-0.000002,90.12157,-0.000013,False
18.28821,-66.06745,1,14.588,-0.000002,90.60667,-0.000014,False
18.32072,-66.06745,1,14.588,-0.000002,91.58189,-0.000014,False
18.33236,-66.06745,1,14.588,-0.000002,91.93128,-0.000014,False
18.342,-66.06745,1,14.588,-0.000003,92.22034,-0.000014,False
18.37687,-66.06745,1,14.588,-0.000003,93.26659,-0.000014,False
18.39202,-66.06745,1,14.588,-0.000002,93.72112,-0.000014,False
18.41417,-66.06745,1,14.588,-0.000004,94.38551,-0.000015,False
18.43213,-66.06745,1,14.588,-0.000002,94.92433,-0.000014,False
18.44948,-66.06745,1,14.588,-0.000004,95.44489,-0.000014,False
18.4649,-66.06745,1,14.588,-0.000001,95.90751,-0.000013,False
18.48204,-66.06745,1,14.588,-0.000001,96.42147,-0.000013,False
18.49864,-66.06745,1,14.588,-0.000001,96.91959,-0.000013,False
18.51441,-66.06745,1,14.588,-0.000001,97.39275,-0.000013,False
18.53164,-66.06745,1,14.588,-0.000001,97.90961,-0.000014,False
18.54787,-66.06745,1,14.588,-0.000002,98.3965,-0.000014,False
18.56636,-66.06745,1,14.588,-0.000002,98.95113,-0.000015,False
18.58357,-66.06745,1,14.588,-0.000002,99.46754,-0.000015,False
18.60232,-66.06745,1,14.588,-0.000001,100.0299,-0.000015,False
18.62111,-66.06745,1,14.588,-0.000002,100.5938,-0.000015,False
18.64017,-66.06745,1,14.588,-0.000001,101.1656,-0.000015,False
18.65842,-66.06745,1,14.588,-0.000001,101.713,-0.000015,False
18.67583,-66.06745,1,14.588,-0.000002,102.2354,-0.000016,False
18.69352,-66.06745,1,14.588,0,102.7659,-0.000016,False
18.71211,-66.06745,1,14.588,-0.000001,103.3237,-0.000016,False
18.72925,-66.06745,1,14.588,-0.000001,103.8379,-0.000015,False
18.74632,-66.06745,1,14.588,-0.000002,104.35,-0.000015,False
18.76334,-66.06745,1,14.588,-0.000001,104.8607,-0.000017,False
18.78202,-66.06745,1,14.588,-0.000002,105.421,-0.000017,False
18.79976,-66.06745,1,14.588,-0.000002,105.9532,-0.000017,False
18.83616,-66.06745,1,14.588,-0.000006,107.0453,-0.000019,False
18.84787,-66.06745,1,14.588,-0.000005,107.3964,-0.000019,False
18.85763,-66.06745,1,14.588,-0.000005,107.6892,-0.000019,False
18.89246,-66.06745,1,14.588,-0.000006,108.7343,-0.000021,False
18.91395,-66.06745,1,14.588,-0.000001,109.3789,-0.000018,False
18.93421,-66.06745,1,14.588,0,109.9866,-0.000014,False
18.95289,-66.06745,1,14.588,0.000002,110.5471,-0.000013,False
18.97061,-66.06745,1,14.588,0.000001,111.0787,-0.000012,False
18.98876,-66.06745,1,14.588,0.000001,111.6233,-0.000012,False
19.00822,-66.06745,1,14.588,0,112.2071,-0.000012,False
19.02707,-66.06745,1,14.588,0.000002,112.7724,-0.000012,False
19.04525,-66.06745,1,14.588,0,113.3178,-0.000012,False
19.06307,-66.06745,1,14.588,-0.000003,113.8525,-0.000011,False
19.08085,-66.06745,1,14.588,-0.000001,114.3858,-0.000011,False
19.09794,-66.06745,1,14.588,-0.000001,114.8986,-0.000011,False
19.11484,-66.06745,1,14.588,0.000004,115.4054,-0.000011,False
19.13221,-66.06745,1,14.588,0.000004,115.9267,-0.00001,False
19.1502,-66.06745,1,14.588,0.000004,116.4663,-0.000009,False
19.16707,-66.06745,1,14.588,0.000003,116.9724,-0.000009,False
19.18309,-66.06745,1,14.588,0.000003,117.453,-0.000008,False
19.19939,-66.06745,1,14.588,0.000004,117.9421,-0.000008,False
19.21644,-66.06745,1,14.588,0.000005,118.4536,-0.000007,False
19.2325,-66.06745,1,14.588,0.000005,118.9354,-0.000006,False
19.24862,-66.06745,1,14.588,0.000001,119.419,-0.000008,False
19.26408,-66.06745,1,14.588,0.000002,119.8827,-0.000007,False
19.27975,-66.06745,1,14.588,0.000003,120.3529,-0.000007,False
19.29458,-66.06745,1,14.588,0.000003,120.7977,-0.000006,False
19.31083,-66.06745,1,14.588,0,121.2853,-0.000006,False
19.34142,-66.06745,1,14.588,-0.000003,122.2031,-0.000011,False
19.35232,-66.06745,1,14.588,-0.000003,122.5301,-0.000011,False
19.36147,-66.06745,1,14.588,0,122.8046,-0.000009,False
19.39214,-66.06745,1,14.588,0,123.7247,-0.000005,False
19.40679,-66.06745,1,14.588,0.000001,124.1641,-0.000004,False
19.4231,-66.06745,1,14.588,0.000002,124.6534,-0.000003,False
19.44059,-66.06745,1,14.588,0,125.1782,-0.000004,False
19.45795,-66.06745,1,14.588,0,125.699,-0.000004,False
19.47486,-66.06745,1,14.588,-0.000001,126.2063,-0.000004,False
19.49074,-66.06745,1,14.588,0.000001,126.6825,-0.000003,False
19.5054,-66.06745,1,14.588,0,127.1224,-0.000004,False
19.51933,-66.06745,1,14.588,0,127.5403,-0.000004,False
19.53455,-66.06745,1,14.588,-0.000002,127.9968,-0.000003,False
19.54911,-66.06745,1,14.588,0.000001,128.4336,-0.000003,False
19.56386,-66.06745,1,14.588,0,128.8761,-0.000003,False
19.57849,-66.06745,1,14.588,0,129.3152,-0.000003,False
19.5926,-66.06745,1,14.588,-0.000001,129.7384,-0.000003,False
19.60712,-66.06745,1,14.588,0,130.1741,-0.000002,False
19.62118,-66.06745,1,14.588,-0.000001,130.5958,-0.000002,False
19.63592,-66.06745,1,14.588,-0.000001,131.038,-0.000002,False
19.65009,-66.06745,1,14.588,0,131.463,-0.000002,False
19.6643,-66.06745,1,14.588,0.000002,131.8895,-0.000001,False
19.67856,-66.06745,1,14.588,0.000002,132.3173,-0.000001,False
19.69326,-66.06745,1,14.588,0.000001,132.7581,-0.000001,False
19.70766,-66.06745,1,14.588,0.000002,133.1901,-0.000001,False
19.72213,-66.06745,1,14.588,0.000001,133.6242,-0.000002,False
19.73766,-66.06745,1,14.588,0.000001,134.0902,-0.000002,False
19.7517,-66.06745,1,14.588,0.000001,134.5112,-0.000003,False
19.76623,-66.06745,1,14.588,0.000003,134.9472,-0.000003,False
19.7804,-66.06745,1,14.588,0.000002,135.3723,-0.000004,False
19.79519,-66.06745,1,14.588,0.000002,135.8161,-0.000004,False
19.8084,-66.06745,1,14.588,0.000001,136.2122,-0.000004,False
19.82289,-66.06745,1,14.588,0.000002,136.647,-0.000004,False
19.85401,-66.06745,1,14.588,0.000001,137.5807,-0.000005,False
19.86445,-66.06745,1,14.588,0.000001,137.8939,-0.000006,False
19.87384,-66.06745,1,14.588,0.000001,138.1757,-0.000006,False
19.90199,-66.06745,1,14.588,0.000004,139.0202,-0.000009,False
19.9164,-66.06745,1,14.588,0.000004,139.4524,-0.000008,False
19.93057,-66.06745,1,14.588,0.000005,139.8776,-0.000008,False
19.94529,-66.06745,1,14.588,0.000007,140.3191,-0.000007,False
19.95909,-66.06745,1,14.588,0.000007,140.7332,-0.000007,False
19.97362,-66.06745,1,14.588,0.000008,141.169,-0.000007,False
19.9882,-66.06745,1,14.588,0.000009,141.6065,-0.000008,False
20.00211,-66.06745,1,14.588,0.000006,142.0237,-0.00001,False
20.01713,-66.06745,1,14.588,0.000006,142.4744,-0.00001,False
20.03202,-66.06745,1,14.588,0.000007,142.9209,-0.00001,False
20.04819,-66.06745,1,14.588,0.000006,143.4061,-0.00001,False
20.06189,-66.06745,1,14.588,0.000007,143.8172,-0.00001,False
20.07575,-66.06745,1,14.588,0.000008,144.233,-0.00001,False
20.08922,-66.06745,1,14.588,0.000009,144.637,-0.00001,False
20.10335,-66.06745,1,14.588,0.000005,145.0608,-0.000011,False
20.11753,-66.06745,1,14.588,0.000005,145.4863,-0.000011,False
20.13105,-66.06745,1,14.588,0.000005,145.8918,-0.00001,False
20.14435,-66.06745,1,14.588,0.000008,146.291,-0.00001,False
20.15841,-66.06745,1,14.588,0.000008,146.7128,-0.00001,False
20.17114,-66.06745,1,14.588,0.000008,147.0947,-0.00001,False
20.18522,-66.06745,1,14.588,0.000007,147.5171,-0.000008,False
20.19796,-66.06745,1,14.588,0.000007,147.8992,-0.000008,False
20.21139,-66.06745,1,14.588,0.000004,148.3021,-0.000003,False
20.22576,-66.06745,1,14.588,0.000001,148.7332,0.000001,False
20.23867,-66.06745,1,14.588,0.000001,149.1206,0.000001,False
20.25039,-66.06745,1,14.588,0,149.4719,0.000002,False
20.26221,-66.06745,1,14.588,0,149.8266,0.000002,False
20.27505,-66.06745,1,14.588,0,150.2117,0.000002,False
20.28662,-66.06745,1,14.588,0,150.5591,0.000003,False
20.29835,-66.06745,1,14.588,0,150.9108,0.000003,False
20.31095,-66.06745,1,14.588,0,151.289,0.000004,False
20.32264,-66.06745,1,14.588,-0.000001,151.6396,0.000005,False
20.33497,-66.06745,1,14.588,-0.000001,152.0094,0.000005,False
20.35987,-66.06745,1,14.588,-0.000001,152.7563,0.000003,False
20.36915,-66.06745,1,14.588,-0.000001,153.0349,0.000003,False
20.37788,-66.06745,1,14.588,-0.000001,153.2967,0.000003,False
20.39652,-66.06745,1,14.588,-0.000001,153.8561,0.000004,False
20.41269,-66.06745,1,14.588,-0.000001,154.341,0.000005,False
20.4264,-66.06745,1,14.588,-0.000001,154.7524,0.000004,False
20.43968,-66.06745,1,14.588,-0.000001,155.1509,0.000004,False
20.45348,-66.06745,1,14.588,-0.000001,155.5647,0.000003,False
20.46759,-66.06745,1,14.588,-0.000001,155.988,0.000004,False
20.48105,-66.06745,1,14.588,-0.000001,156.3919,0.000005,False
20.49492,-66.06745,1,14.588,-0.000001,156.8081,0.000005,False
20.50706,-66.06745,1,14.588,-0.000001,157.1722,0.000005,False
20.51866,-66.06745,1,14.588,-0.000001,157.5202,0.000005,False
20.52934,-66.06745,1,14.588,-0.000001,157.8405,0.000006,False
20.54108,-66.06745,1,14.588,-0.000001,158.1929,0.000006,False
20.55249,-66.06745,1,14.588,-0.000001,158.5351,0.000006,False
20.56397,-66.06745,1,14.588,-0.000001,158.8796,0.000006,False
20.57488,-66.06745,1,14.588,-0.000001,159.2067,0.000006,False
20.58549,-66.06745,1,14.588,-0.000001,159.525,0.000007,False
20.59477,-66.06745,1,14.588,-0.000001,159.8035,0.000007,False
20.6053,-66.06745,1,14.588,-0.000001,160.1193,0.000008,False
20.61585,-66.06745,1,14.588,-0.000001,160.436,0.000008,False
20.62783,-66.06745,1,14.588,-0.000001,160.7953,0.00001,False
20.6394,-66.06745,1,14.588,-0.000001,161.1423,0.000009,False
20.65027,-66.06745,1,14.588,-0.000001,161.4684,0.00001,False
20.66175,-66.06745,1,14.588,-0.000001,161.8129,0.000009,False
20.67233,-66.06745,1,14.588,-0.000001,162.1301,0.000009,False
20.68175,-66.06745,1,14.588,-0.000001,162.4129,0.00001,False
20.6918,-66.06745,1,14.588,-0.000001,162.7142,0.00001,False
20.70084,-66.06745,1,14.588,-0.000001,162.9857,0.00001,False
20.71077,-66.06745,1,14.588,-0.000001,163.2836,0.00001,False
20.72165,-66.06745,1,14.588,-0.000001,163.61,0.00001,False
20.73088,-66.06745,1,14.588,-0.000002,163.8868,0.00001,False
20.74086,-66.06745,1,14.588,-0.000002,164.1862,0.000012,False
20.75131,-66.06745,1,14.588,-0.000002,164.4998,0.000012,False
20.76008,-66.06745,1,14.588,-0.000002,164.7628,0.00001,False
20.77011,-66.06745,1,14.588,-0.000002,165.0638,0.00001,False
20.77887,-66.06745,1,14.588,-0.000002,165.3265,0.00001,False
20.78972,-66.06745,1,14.588,-0.000002,165.6519,0.00001,False
20.79989,-66.06745,1,14.588,-0.000002,165.9571,0.00001,False
20.81057,-66.06745,1,14.588,-0.000002,166.2776,0.000011,False
20.82135,-66.06745,1,14.588,-0.000002,166.601,0.00001,False
20.83197,-66.06745,1,14.588,-0.000002,166.9195,0.00001,False
20.84335,-66.06745,1,14.588,-0.000002,167.2609,0.000012,False
20.86434,-66.06745,1,14.588,-0.000002,167.8907,0.000013,False
20.87358,-66.06745,1,14.588,-0.000002,168.1678,0.000013,False
20.88182,-66.06745,1,14.588,-0.000002,168.415,0.00001,False
20.89967,-66.06745,1,14.588,-0.000002,168.9504,0.00001,False
20.91278,-66.06745,1,14.588,-0.000002,169.3437,0.00001,False
20.92339,-66.06745,1,14.588,-0.000002,169.6621,0.000013,False
20.9342,-66.06745,1,14.588,-0.000002,169.9865,0.000012,False
20.94518,-66.06745,1,14.588,-0.000002,170.3157,0.000014,False
20.95568,-66.06745,1,14.588,-0.000002,170.6309,0.000014,False
20.96598,-66.06745,1,14.588,-0.000002,170.9398,0.000012,False
20.97653,-66.06745,1,14.588,-0.000002,171.2563,0.000012,False
20.98802,-66.06745,1,14.588,-0.000002,171.6009,0.000012,False
20.99781,-66.06745,1,14.588,-0.000002,171.8947,0.000012,False
21.00925,-66.06745,1,14.588,-0.000002,171.8947,0.000013,False
21.02414,-66.06745,1,14.588,-0.000004,171.8947,0.000013,False
21.03617,-66.06745,1,14.588,-0.000004,171.8947,0.000013,False
21.04435,-66.06745,1,14.588,-0.000003,171.8947,0.000013,False
21.0614,-66.06745,1,14.588,-0.000004,171.8947,0.000013,False
21.06967,-66.06745,1,14.588,-0.000004,171.8947,0.000013,False
21.08339,-66.06745,1,14.588,-0.000003,171.8947,0.000012,False
21.09423,-66.06745,1,14.588,-0.000003,171.8947,0.000012,False
21.10484,-66.06745,1,14.588,-0.000004,171.8947,0.000012,False
21.11462,-66.06745,1,14.588,-0.000004,171.8947,0.000012,False
21.12554,-66.06745,1,14.588,-0.000003,171.8947,0.000011,False
21.13622,-66.06745,1,14.588,-0.000003,171.8947,0.000011,False
21.15065,-66.06745,1,14.588,-0.000004,171.8947,0.00001,False
21.16339,-66.06745,1,14.588,-0.000002,171.8947,0.000011,False
21.17594,-66.06745,1,14.588,-0.000002,171.8947,0.000011,False
21.19357,-66.06745,1,14.588,-0.000004,171.8947,0.000011,False
21.20523,-66.06745,1,14.588,-0.000002,171.8947,0.000011,False
21.21367,-66.06745,1,14.588,-0.000002,171.8947,0.000011,False
21.23193,-66.06745,1,14.588,-0.000004,171.8947,0.00001,False
21.24053,-66.06745,1,14.588,-0.000002,171.8947,0.000011,False
21.25351,-66.06745,1,14.588,-0.000002,171.8947,0.000011,False
21.26453,-66.06745,1,14.588,-0.000004,171.8947,0.000011,False
21.27514,-66.06745,1,14.588,-0.000004,171.8947,0.000011,False
21.2861,-66.06745,1,14.588,-0.000002,171.8947,0.00001,False
21.29687,-66.06745,1,14.588,-0.000002,171.8947,0.00001,False
21.30725,-66.06745,1,14.588,-0.000004,171.8947,0.000011,False
21.31647,-66.06745,1,14.588,-0.000004,171.8947,0.000011,False
21.32608,-66.06745,1,14.588,-0.000002,171.8947,0.000011,False
21.33682,-66.06745,1,14.588,-0.000002,171.8947,0.000011,False
21.34638,-66.06745,1,14.588,-0.000004,171.8947,0.00001,False
21.36693,-66.06745,1,14.588,-0.000002,171.8947,0.00001,False
21.37479,-66.06745,1,14.588,-0.000002,171.8947,0.00001,False
21.38237,-66.06745,1,14.588,-0.000004,171.8947,0.000011,False
21.39554,-66.06745,1,14.588,-0.000004,171.8947,0.000011,False
21.40627,-66.06745,1,14.588,-0.000004,171.8947,0.000011,False
21.41649,-66.06745,1,14.588,-0.000004,171.8947,0.000011,False
21.4268,-66.06745,1,14.588,-0.000004,171.8947,0.000011,False
21.43764,-66.06745,1,14.588,-0.000004,171.8947,0.000011,False
21.44798,-66.06745,1,14.588,-0.000004,171.8947,0.000011,False
21.45925,-66.06745,1,14.588,-0.000004,171.8947,0.000011,False
21.47047,-66.06745,1,14.588,-0.000004,171.8947,0.000011,False
21.48138,-66.06745,1,14.588,-0.000004,171.8947,0.000011,False
21.49359,-66.06745,1,14.588,-0.000004,171.8947,0.000011,False
21.50527,-66.06745,1,14.588,-0.000004,171.8947,0.000011,False
21.51731,-66.06745,1,14.588,-0.000004,171.8947,0.000011,False
21.52815,-66.06745,1,14.588,-0.000004,171.8947,0.000011,False
21.53735,-66.06745,1,14.588,-0.000004,171.8947,0.000011,False
21.54604,-66.06745,1,14.588,-0.000004,171.8947,0.000011,False
21.55555,-66.06745,1,14.588,-0.000004,171.8947,0.000011,False
21.56555,-66.06745,1,14.588,-0.000004,171.8947,0.000011,False
21.57592,-66.06745,1,14.588,-0.000004,171.8947,0.000011,False
21.58694,-66.06745,1,14.588,-0.000004,171.5643,0.000011,False
21.60142,-66.06745,1,14.588,-0.000003,171.1297,0.000013,False
21.61353,-66.06745,1,14.588,-0.000003,170.7663,0.000013,False
21.62123,-66.06745,1,14.588,-0.000002,170.5355,0.000014,False
21.63998,-66.06745,1,14.588,-0.000002,169.973,0.000014,False
21.64881,-66.06745,1,14.588,-0.000002,169.7081,0.000013,False
21.66277,-66.06745,1,14.588,-0.000002,169.2891,0.000012,False
21.67489,-66.06745,1,14.588,-0.000002,168.9256,0.000012,False
21.68706,-66.06745,1,14.588,-0.000002,168.5606,0.000011,False
21.69777,-66.06745,1,14.588,-0.000002,168.2392,0.000011,False
21.70872,-66.06745,1,14.588,-0.000002,167.9106,0.00001,False
21.71853,-66.06745,1,14.588,-0.000002,167.6163,0.00001,False
21.7292,-66.06745,1,14.588,-0.000002,167.2963,0.000012,False
21.7387,-66.06745,1,14.588,-0.000002,167.0115,0.000012,False
21.74895,-66.06745,1,14.588,-0.000002,166.7038,0.000013,False
21.76324,-66.06745,1,14.588,-0.000002,166.2751,0.000013,False
21.77308,-66.06745,1,14.588,-0.000002,165.9799,0.000013,False
21.77943,-66.06745,1,14.588,-0.000002,165.7894,0.000013,False
21.79955,-66.06745,1,14.588,-0.000002,165.1858,0.000011,False
21.80604,-66.06745,1,14.588,-0.000001,164.9911,0.000011,False
21.8243,-66.06745,1,14.588,-0.000002,164.4434,0.000009,False
21.83526,-66.06745,1,14.588,-0.000001,164.1147,0.000009,False
21.8479,-66.06745,1,14.588,-0.000001,163.7354,0.00001,False
21.87238,-66.06745,1,14.588,-0.000001,163.0011,0.000011,False
21.88246,-66.06745,1,14.588,-0.000002,162.6985,0.000008,False
21.89322,-66.06745,1,14.588,-0.000001,162.3758,0.000008,False
21.91155,-66.06745,1,14.588,-0.000001,161.8258,0.000008,False
21.92043,-66.06745,1,14.588,-0.000001,161.5593,0.000006,False
21.92846,-66.06745,1,14.588,-0.000001,161.3185,0.000006,False
21.93747,-66.06745,1,14.588,-0.000001,161.0482,0.000006,False
21.9475,-66.06745,1,14.588,-0.000001,160.7473,0.000007,False
21.95799,-66.06745,1,14.588,-0.000001,160.4325,0.000007,False
21.9699,-66.06745,1,14.588,-0.000001,160.0753,0.000008,False
21.98113,-66.06745,1,14.588,-0.000001,159.7383,0.000008,False
21.99323,-66.06745,1,14.588,-0.000001,159.3755,0.000009,False
22.00393,-66.06745,1,14.588,-0.000001,159.0545,0.000009,False
22.01416,-66.06745,1,14.588,-0.000001,158.7477,0.000009,False
22.0251,-66.06745,1,14.588,-0.000001,158.4195,0.000009,False
22.03541,-66.06745,1,14.588,-0.000001,158.1099,0.000009,False
22.04757,-66.06745,1,14.588,-0.000001,157.7452,0.000007,False
22.05991,-66.06745,1,14.588,-0.000001,157.3752,0.000007,False
22.07211,-66.06745,1,14.588,-0.000001,157.0092,0.000007,False
22.08398,-66.06745,1,14.588,-0.000001,156.6529,0.000007,False
22.09867,-66.06745,1,14.588,-0.000001,156.2124,0.000007,False
22.11233,-66.06745,1,14.588,-0.000001,155.8026,0.000007,False
22.1261,-66.06745,1,14.588,-0.000001,155.3892,0.000007,False
22.13845,-66.06745,1,14.588,-0.000001,155.0187,0.000007,False
22.15141,-66.06745,1,14.588,-0.000001,154.6301,0.000009,False
22.16399,-66.06745,1,14.588,-0.000001,154.2527,0.000009,False
22.17624,-66.06745,1,14.588,-0.000001,153.8853,0.000009,False
22.18755,-66.06745,1,14.588,-0.000001,153.5458,0.000007,False
22.20011,-66.06745,1,14.588,-0.000001,153.1691,0.000006,False
22.21251,-66.06745,1,14.588,-0.000001,152.7971,0.000006,False
22.22518,-66.06745,1,14.588,-0.000001,152.4171,0.000004,False
22.23733,-66.06745,1,14.588,-0.000001,152.0526,0.000004,False
22.24874,-66.06745,1,14.588,-0.000001,151.7103,0.000003,False
22.26089,-66.06745,1,14.588,0,151.3458,0.000004,False
22.27337,-66.06745,1,14.588,0,150.9712,0.000004,False
22.28599,-66.06745,1,14.588,0,150.5926,0.000004,False
22.29802,-66.06745,1,14.588,0,150.2317,0.000004,False
22.30984,-66.06745,1,14.588,-0.000001,149.8773,0.000002,False
22.32297,-66.06745,1,14.588,0,149.4833,0.000002,False
22.33448,-66.06745,1,14.588,0,149.1379,0.000002,False
22.34597,-66.06745,1,14.588,0,148.7932,0.000003,False
22.358,-66.06745,1,14.588,0,148.4324,0.000003,False
22.3827,-66.06745,1,14.588,0,147.6915,0.000003,False
22.39186,-66.06745,1,14.588,0,147.4165,0.000003,False
22.39977,-66.06745,1,14.588,0,147.1791,0.000003,False
22.41973,-66.06745,1,14.588,0,146.5804,-0.000001,False
22.43495,-66.06745,1,14.588,0.000004,146.1239,-0.000007,False
22.45062,-66.06745,1,14.588,0.000005,145.6537,-0.000011,False
22.46577,-66.06745,1,14.588,0.000005,145.1992,-0.000011,False
22.48202,-66.06745,1,14.588,0.000007,144.7117,-0.00001,False
22.49643,-66.06745,1,14.588,0.000007,144.2796,-0.00001,False
22.51097,-66.06745,1,14.588,0.000008,143.8434,-0.00001,False
22.52587,-66.06745,1,14.588,0.00001,143.3961,-0.00001,False
22.54113,-66.06745,1,14.588,0.000009,142.9385,-0.000011,False
22.55467,-66.06745,1,14.588,0.000008,142.5322,-0.000011,False
22.56903,-66.06745,1,14.588,0.000006,142.1014,-0.00001,False
22.58384,-66.06745,1,14.588,0.000007,141.6573,-0.000009,False
22.59838,-66.06745,1,14.588,0.000007,141.2208,-0.000009,False
22.61675,-66.06745,1,14.588,0.000008,140.6699,-0.000009,False
22.63131,-66.06745,1,14.588,0.000008,140.2329,-0.000009,False
22.64542,-66.06745,1,14.588,0.000009,139.8099,-0.000009,False
22.6588,-66.06745,1,14.588,0.000009,139.4085,-0.000009,False
22.67353,-66.06745,1,14.588,0.000007,138.9665,-0.000009,False
22.68811,-66.06745,1,14.588,0.000006,138.5291,-0.000007,False
22.70164,-66.06745,1,14.588,0.000007,138.1231,-0.000006,False
22.7157,-66.06745,1,14.588,0.000007,137.7012,-0.000006,False
22.73023,-66.06745,1,14.588,0.000004,137.2655,-0.000006,False
22.74509,-66.06745,1,14.588,0.000003,136.8196,-0.000006,False
22.75959,-66.06745,1,14.588,0.000003,136.3848,-0.000006,False
22.77353,-66.06745,1,14.588,0,135.9665,-0.000005,False
22.78717,-66.06745,1,14.588,-0.000001,135.5572,-0.000005,False
22.80177,-66.06745,1,14.588,0,135.1194,-0.000004,False
22.81731,-66.06745,1,14.588,0,134.6529,-0.000004,False
22.83142,-66.06745,1,14.588,0,134.2299,-0.000003,False
22.84583,-66.06745,1,14.588,0,133.7975,-0.000003,False
22.86124,-66.06745,1,14.588,0.000002,133.3352,-0.000002,False
22.89162,-66.06745,1,14.588,0,132.4238,-0.000002,False
22.90226,-66.06745,1,14.588,0.000001,132.1044,-0.000002,False
22.91184,-66.06745,1,14.588,0.000001,131.8173,-0.000002,False
22.93987,-66.06745,1,14.588,0.000002,130.9764,-0.000002,False
22.95468,-66.06745,1,14.588,0,130.532,-0.000002,False
22.96978,-66.06745,1,14.588,-0.000001,130.079,-0.000002,False
22.98351,-66.06745,1,14.588,0,129.6669,-0.000002,False
22.99706,-66.06745,1,14.588,0,129.2606,-0.000002,False
23.01102,-66.06745,1,14.588,0,128.8417,-0.000002,False
23.02565,-66.06745,1,14.588,0,128.4029,-0.000002,False
23.04047,-66.06745,1,14.588,0.000002,127.9582,-0.000003,False
23.0566,-66.06745,1,14.588,0.000002,127.4745,-0.000003,False
23.07313,-66.06745,1,14.588,0.000003,126.9784,-0.000003,False
23.08828,-66.06745,1,14.588,-0.000001,126.5239,-0.000004,False
23.10332,-66.06745,1,14.588,0,126.0726,-0.000003,False
23.11835,-66.06745,1,14.588,0,125.6219,-0.000003,False
23.13278,-66.06745,1,14.588,0.000001,125.189,-0.000003,False
23.14661,-66.06745,1,14.588,0.000002,124.774,-0.000004,False
23.16119,-66.06745,1,14.588,0.000001,124.3365,-0.000004,False
23.17617,-66.06745,1,14.588,0.000001,123.8872,-0.000004,False
23.19085,-66.06745,1,14.588,0.000001,123.4469,-0.000005,False
23.20572,-66.06745,1,14.588,-0.000001,123.0008,-0.000005,False
23.22001,-66.06745,1,14.588,-0.000001,122.5722,-0.000005,False
23.23552,-66.06745,1,14.588,-0.000001,122.1067,-0.000005,False
23.25153,-66.06745,1,14.588,-0.000001,121.6266,-0.000006,False
23.2667,-66.06745,1,14.588,0,121.1712,-0.000006,False
23.28256,-66.06745,1,14.588,0,120.6955,-0.000007,False
23.29892,-66.06745,1,14.588,0,120.2047,-0.000007,False
23.31575,-66.06745,1,14.588,0,119.6997,-0.000007,False
23.33224,-66.06745,1,14.588,0.000002,119.205,-0.000007,False
23.3486,-66.06745,1,14.588,0.000002,118.7143,-0.000006,False
23.3635,-66.06745,1,14.588,0,118.2673,-0.000008,False
23.39857,-66.06745,1,14.588,0.000003,117.2154,-0.000008,False
23.40929,-66.06745,1,14.588,0.000004,116.8936,-0.000008,False
23.41947,-66.06745,1,14.588,0.000004,116.5882,-0.000008,False
23.45553,-66.06745,1,14.588,0.000008,115.5063,-0.000004,False
23.47398,-66.06745,1,14.588,0.000004,114.9529,-0.000008,False
23.4922,-66.06745,1,14.588,0.000004,114.4062,-0.00001,False
23.50943,-66.06745,1,14.588,0.000003,113.8895,-0.00001,False
23.52698,-66.06745,1,14.588,0.000002,113.363,-0.000011,False
23.54395,-66.06745,1,14.588,0.000002,112.8538,-0.00001,False
23.56112,-66.06745,1,14.588,0.000002,112.3386,-0.00001,False
23.57795,-66.06745,1,14.588,0.000002,111.834,-0.00001,False
23.59697,-66.06745,1,14.588,0.000002,111.2633,-0.00001,False
23.61401,-66.06745,1,14.588,0,110.752,-0.000011,False
23.63098,-66.06745,1,14.588,0,110.243,-0.000011,False
23.64918,-66.06745,1,14.588,0,109.6969,-0.000012,False
23.66578,-66.06745,1,14.588,-0.000002,109.1988,-0.000013,False
23.68237,-66.06745,1,14.588,-0.000001,108.7012,-0.000014,False
23.7005,-66.06745,1,14.588,-0.000002,108.7012,-0.000015,False
23.72996,-66.06745,1,14.588,-0.000003,108.7012,-0.000015,False
23.74464,-66.06745,1,14.588,-0.000004,108.7012,-0.000016,False
23.75558,-66.06745,1,14.588,-0.000004,108.7012,-0.000016,False
23.79031,-66.06745,1,14.588,-0.000004,108.7012,-0.000017,False
23.80594,-66.06745,1,14.588,-0.000003,108.7012,-0.000017,False
23.83051,-66.06745,1,14.588,-0.000004,108.7012,-0.000017,False
23.85136,-66.06745,1,14.588,-0.000003,108.7012,-0.000017,False
23.87218,-66.06745,1,14.588,-0.000003,108.7012,-0.000016,False
23.91058,-66.06745,1,14.588,-0.000003,108.7012,-0.000017,False
23.92352,-66.06745,1,14.588,-0.000004,108.7012,-0.000016,False
23.94695,-66.06745,1,14.588,-0.000003,108.7012,-0.000018,False
23.95477,-66.06745,1,14.588,-0.000003,108.7012,-0.000018,False
23.98938,-66.06745,1,14.588,-0.000003,108.7012,-0.000018,False
24.01031,-66.06745,1,14.588,-0.000003,108.7012,-0.000017,False
24.03207,-66.06745,1,14.588,-0.000004,108.7012,-0.000015,False
24.05197,-66.06745,1,14.588,-0.000003,108.7012,-0.000017,False
24.07274,-66.06745,1,14.588,-0.000004,108.7012,-0.000017,False
24.09196,-66.06745,1,14.588,-0.000003,108.7012,-0.000018,False
24.11067,-66.06745,1,14.588,-0.000003,108.7012,-0.000018,False
24.12851,-66.06745,1,14.588,-0.000003,108.7012,-0.000018,False
24.14839,-66.06745,1,14.588,-0.000003,108.1046,-0.000018,False
24.17838,-66.06745,1,14.588,-0.000001,107.2049,-0.000017,False
24.19269,-66.06745,1,14.588,0.000001,106.7756,-0.000016,False
24.20289,-66.06745,1,14.588,-0.000001,106.4697,-0.000017,False
24.23541,-66.06745,1,14.588,-0.000001,105.4941,-0.000017,False
24.25667,-66.06745,1,14.588,-0.000003,104.8563,-0.000017,False
24.27754,-66.06745,1,14.588,-0.000002,104.2301,-0.000017,False
24.29699,-66.06745,1,14.588,-0.000001,103.6469,-0.000018,False
24.31591,-66.06745,1,14.588,-0.000003,103.0792,-0.000017,False
24.3355,-66.06745,1,14.588,-0.000004,102.4914,-0.000017,False
24.3674,-66.06745,1,14.588,-0.000005,101.5346,-0.00002,False
24.37984,-66.06745,1,14.588,-0.000005,101.1612,-0.00002,False
24.38852,-66.06745,1,14.588,-0.000005,100.901,-0.000019,False
24.44556,-66.06745,1,14.588,-0.000009,99.18974,-0.000021,False
24.45431,-66.06745,1,14.588,-0.000009,98.92709,-0.000021,False
24.46592,-66.06745,1,14.588,-0.000002,98.5789,-0.000018,False
24.50246,-66.06745,1,14.588,-0.000008,97.48249,-0.000016,False
24.52346,-66.06745,1,14.588,-0.000004,96.85248,-0.000015,False
24.54213,-66.06745,1,14.588,-0.000001,96.29242,-0.000013,False
24.5584,-66.06745,1,14.588,-0.000001,95.80428,-0.000013,False
24.57511,-66.06745,1,14.588,-0.000001,95.30325,-0.000013,False
24.59157,-66.06745,1,14.588,-0.000001,94.80923,-0.000013,False
24.60816,-66.06745,1,14.588,-0.000002,94.31171,-0.000014,False
24.62348,-66.06745,1,14.588,-0.000001,93.85192,-0.000014,False
24.63876,-66.06745,1,14.588,-0.000001,93.39366,-0.000014,False
24.65561,-66.06745,1,14.588,-0.000002,92.88828,-0.000014,False
24.67542,-66.06745,1,14.588,-0.000002,92.88828,-0.000014,False
24.70179,-66.06745,1,14.588,-0.000003,92.88828,-0.000011,False
24.7157,-66.06745,1,14.588,-0.000003,92.88828,-0.000011,False
24.72341,-66.06745,1,14.588,-0.000003,92.88828,-0.00001,False
24.75676,-66.06745,1,14.588,-0.000004,92.88828,-0.000007,False
24.76913,-66.06745,1,14.588,-0.000002,92.88828,-0.000007,False
24.7973,-66.06745,1,14.588,-0.000003,92.88828,-0.000006,False
24.81584,-66.06745,1,14.588,-0.000003,92.88828,-0.000012,False
24.83305,-66.06745,1,14.588,-0.000004,92.88828,-0.000012,False
24.85061,-66.06745,1,14.588,-0.000002,92.88828,-0.000012,False
24.87093,-66.06745,1,14.588,-0.000003,92.88828,-0.000011,False
24.90522,-66.06745,1,14.588,-0.000003,92.88828,-0.000007,False
24.91586,-66.06745,1,14.588,-0.000003,92.88828,-0.000007,False
24.95839,-66.06745,1,14.588,-0.000003,92.88828,-0.000015,False
24.96738,-66.06745,1,14.588,-0.000003,92.88828,-0.000014,False
24.98117,-66.06745,1,14.588,-0.000003,92.88828,-0.000012,False
25.01159,-66.06745,1,14.588,-0.000004,92.88828,-0.00001,False
25.03019,-66.06745,1,14.588,-0.000002,92.88828,-0.00001,False
25.04846,-66.06745,1,14.588,-0.000002,92.88828,-0.000008,False
25.06656,-66.06745,1,14.588,-0.000002,92.88828,-0.000008,False
25.08397,-66.06745,1,14.588,-0.000002,92.88828,-0.000008,False
25.10256,-66.06745,1,14.588,-0.000002,92.88828,-0.000008,False
25.1218,-66.06745,1,14.588,-0.000002,92.88828,-0.000008,False
25.14301,-65.89799,1,14.57945,-0.000002,92.88828,-0.000008,True
25.17011,-65.68143,1,14.56853,-0.000016,92.88828,-0.000003,True
25.18298,-65.57866,1,14.56334,-0.000036,92.88828,0.000026,True
25.19285,-65.49976,1,14.55936,-0.000036,92.88828,0.000026,True
25.22121,-65.27322,1,14.54793,0,92.88828,0.000006,True
25.24095,-65.11549,1,14.53998,0.000002,92.88828,-0.000001,True
25.2621,-64.94649,1,14.53145,0.000001,92.88828,-0.000003,True
25.29299,-64.69968,1,14.519,0,92.88828,-0.000002,True
25.30202,-64.62754,1,14.51536,0,92.88828,-0.000001,True
25.31017,-64.56243,1,14.51207,0,92.88828,-0.000001,True
25.33875,-64.33405,1,14.50055,0,92.88828,0,True
25.36056,-64.15977,1,14.49176,0,92.88828,0,True
25.36879,-64.09406,1,14.48844,0,92.88828,0,True
25.39811,-63.85976,1,14.47662,0,92.88828,0,True
25.41999,-63.68497,1,14.4678,0,92.88828,0,True
25.45791,-63.382,1,14.45252,0,92.88828,0,True
25.46621,-63.3157,1,14.44917,0,92.88828,0,True
25.47628,-63.23526,1,14.44511,0,92.88828,0,True
25.50774,-62.98386,1,14.43243,0,92.88828,0,True
25.526,-62.83797,1,14.42507,0,92.88828,0,True
25.54485,-62.68735,1,14.41747,0,92.88828,0,True
25.56396,-62.53466,1,14.40976,0,92.88828,0,True
25.58333,-62.37989,1,14.40196,0,92.88828,0,True
25.60054,-62.24238,1,14.39502,0,92.88828,0,True
25.61687,-62.11196,1,14.38844,0,92.88828,0,True
25.63301,-61.98293,1,14.38193,0,92.88828,0,True
25.64967,-61.8499,1,14.37522,0,92.88828,0,True
25.66618,-61.71796,1,14.36856,0,92.88828,0,True
25.68164,-61.59441,1,14.36233,0,92.88828,0,True
25.69919,-61.4542,1,14.35525,0,92.88828,0,True
25.71407,-61.33535,1,14.34926,0,92.88828,0,True
25.72972,-61.21029,1,14.34295,0,92.88828,0,True
25.74592,-61.08084,1,14.33642,0,92.88828,0,True
25.76208,-60.95169,1,14.3299,0,92.88828,0,True
25.77938,-60.81353,1,14.32293,0,92.88828,0,True
25.79633,-60.67806,1,14.31609,0,92.88828,0,True
25.81155,-60.55645,1,14.30996,0,92.88828,0,True
25.82729,-60.43069,1,14.30361,0,92.88828,0,True
25.84303,-60.30495,1,14.29727,0,92.88828,0,True
25.85917,-60.17596,1,14.29076,0,92.88828,0,True
25.87425,-60.05552,1,14.28469,0,92.88828,0,True
25.88975,-59.93169,1,14.27844,0,92.88828,0,True
25.90596,-59.80217,1,14.2719,0,92.88828,0,True
25.92036,-59.68712,1,14.2661,0,92.88828,0,True
25.93478,-59.57187,1,14.26028,0,92.88828,0,True
25.96422,-59.33669,1,14.24842,-0.000003,92.88828,0.000001,True
25.97459,-59.25383,1,14.24424,-0.000003,92.88828,0.000001,True
25.98237,-59.19166,1,14.2411,-0.000001,92.88828,-0.000004,True
26.01083,-58.96422,1,14.22963,0.000003,92.88828,-0.000009,True
26.03048,-58.80726,1,14.22171,-0.000007,92.88828,0.000002,True
26.04907,-58.65873,1,14.21421,-0.000033,92.88828,0.000021,True
26.06703,-58.51523,0.999999,14.20697,-0.000059,92.88828,0.000039,True
26.08432,-58.3771,0.999999,14.2,-0.000064,92.88828,0.000057,True
26.10196,-58.23617,0.999999,14.19289,-0.00005,92.88828,0.000067,True
26.11834,-58.10527,0.999999,14.18629,-0.00005,92.88828,0.000067,True
26.13374,-57.98219,1,14.18008,-0.000015,92.88828,0.000039,True
26.15013,-57.85126,1,14.17347,-0.000005,92.88828,0,True
26.16531,-57.72999,1,14.16735,-0.000012,92.88828,-0.000013,True
26.18058,-57.608,1,14.1612,-0.000027,92.88828,-0.000001,True
26.19599,-57.48485,1,14.15499,-0.000027,92.88828,-0.000001,True
26.21238,-57.35392,1,14.14838,-0.000012,92.88828,0.000001,True
26.2282,-57.22752,1,14.142,-0.000001,92.88828,0.000001,True
26.24397,-57.10149,1,14.13564,0.000002,92.88828,0,True
26.26037,-56.97044,1,14.12903,0.000001,92.88828,0,True
26.27575,-56.84759,1,14.12284,0.000001,92.88828,0,True
26.29018,-56.73227,1,14.11702,0,92.88828,0,True
26.30467,-56.61649,1,14.11118,0,92.88828,0,True
26.3199,-56.49484,1,14.10504,0,92.88828,0,True
26.33574,-56.36829,1,14.09865,0,92.88828,0,True
26.35015,-56.25309,1,14.09284,0,92.88828,0,True
26.36459,-56.13776,1,14.08702,0,92.88828,0,True
26.37911,-56.02176,1,14.08117,0,92.88828,0,True
26.39357,-55.90623,1,14.07534,0,92.88828,0,True
26.408,-55.79091,1,14.06952,0,92.88828,0,True
26.42294,-55.67153,1,14.0635,0,92.88828,0,True
26.43789,-55.55209,1,14.05747,0,92.88828,0,True
26.46828,-55.30934,1,14.04522,0,92.88828,0,True
26.47855,-55.22723,1,14.04108,0,92.88828,0,True
26.48659,-55.16304,1,14.03784,0,92.88828,0,True
26.51678,-54.92181,1,14.02567,0,92.88828,0,True
26.53513,-54.77517,1,14.01827,0,92.88828,0,True
26.5521,-54.63958,1,14.01143,0,92.88828,0,True
26.56838,-54.50947,1,14.00487,0,92.88828,0,True
26.58568,-54.3713,1,13.9979,0,92.88828,0,True
26.60277,-54.23476,1,13.99101,0,92.88828,0,True
26.62039,-54.09399,1,13.98391,0,92.88828,0,True
26.6369,-53.96205,1,13.97725,0,92.88828,0,True
26.6527,-53.83577,1,13.97088,0,92.88828,0,True
26.66838,-53.71049,1,13.96456,0,92.88828,0,True
26.68648,-53.56595,1,13.95726,0,92.88828,0,True
26.70092,-53.45057,1,13.95144,0,92.88828,0,True
26.71656,-53.32557,1,13.94514,0,92.88828,0,True
26.72998,-53.21836,1,13.93973,0,92.88828,0,True
26.74581,-53.09188,1,13.93335,0,92.88828,0,True
26.75994,-52.97896,1,13.92765,0,92.88828,0,True
26.77489,-52.8595,1,13.92162,0,92.88828,0,True
26.79037,-52.73587,1,13.91538,0,92.88828,0,True
26.80668,-52.6055,1,13.90881,0,92.88828,0,True
26.82169,-52.4856,1,13.90276,0,92.88828,0,True
26.83654,-52.36691,1,13.89677,0,92.88828,0,True
26.85128,-52.24916,1,13.89083,0,92.88828,0,True
26.86602,-52.1314,1,13.88489,0,92.88828,0,True
26.8814,-52.00848,1,13.87869,0,92.88828,0,True
26.89669,-51.88634,1,13.87252,0,92.88828,0,True
26.91228,-51.76178,1,13.86624,0,92.88828,0,True
26.92724,-51.64227,1,13.86021,0,92.88828,0,True
26.94225,-51.52238,1,13.85416,0,92.88828,0,True
26.97431,-51.26617,1,13.84123,0,92.88828,0,True
26.98602,-51.17265,1,13.83652,0,92.88828,0,True
26.99543,-51.09743,1,13.83272,0,92.88828,0,True
27.02834,-50.83448,1,13.81945,0.000002,92.88828,0,True
27.04563,-50.69633,1,13.81248,0.000001,92.88828,0,True
27.06439,-50.54649,1,13.80492,0,92.88828,0,True
27.08239,-50.40266,1,13.79767,0,92.88828,0,True
27.10118,-50.25251,1,13.79009,0,92.88828,0,True
27.11871,-50.11243,1,13.78302,0,92.88828,0,True
27.13676,-49.96822,1,13.77575,0,92.88828,0,True
27.15344,-49.83494,1,13.76902,0,92.88828,0,True
27.1691,-49.70987,1,13.76271,0,92.88828,0,True
27.18478,-49.58456,1,13.75639,0,92.88828,0,True
27.19979,-49.46465,1,13.75034,0,92.88828,0,True
27.21503,-49.34285,1,13.7442,0,92.88828,0,True
27.23007,-49.2227,1,13.73814,0,92.88828,0,True
27.24549,-49.09948,1,13.73192,0,92.88828,0,True
27.26132,-48.97301,1,13.72554,0,92.88828,0,True
27.27702,-48.84756,1,13.71921,0,92.88828,0,True
27.29135,-48.73311,1,13.71343,0,92.88828,0,True
27.3073,-48.60564,1,13.707,0,92.88828,0,True
27.32301,-48.48015,1,13.70067,0,92.88828,0,True
27.33871,-48.35473,1,13.69434,0,92.88828,0,True
27.35382,-48.234,1,13.68825,0,92.88828,0,True
27.3704,-48.10147,1,13.68157,0,92.88828,0,True
27.38607,-47.97625,1,13.67525,0,92.88828,0,True
27.40159,-47.85227,1,13.66899,0,92.88828,0,True
27.41719,-47.72765,1,13.66271,0,92.88828,0,True
27.43367,-47.59595,1,13.65606,0,92.88828,0,True
27.4496,-47.46872,1,13.64964,-0.000043,92.88829,0.00004,True
27.47966,-47.22853,1,13.63752,-0.000036,92.88829,0.000031,True
27.48911,-47.15305,1,13.63372,-0.000008,92.88829,0.000007,True
27.49707,-47.08941,1,13.63051,-0.000008,92.88829,0.000007,True
27.5292,-46.83268,1,13.61755,-0.000009,92.88829,0.000008,True
27.54374,-46.71656,0.999999,13.6117,-0.000043,92.88829,0.000034,True
27.56064,-46.58151,0.999999,13.60488,-0.000065,92.88829,0.000061,True
27.57673,-46.45297,0.999999,13.5984,-0.000065,92.88829,0.000061,True
27.59249,-46.32701,0.999999,13.59204,-0.000046,92.88829,0.000074,True
27.60853,-46.19884,1,13.58558,-0.000019,92.88829,0.000063,True
27.62516,-46.06596,1,13.57887,-0.000002,92.88829,0.000027,True
27.64227,-45.92932,1,13.57197,-0.000008,92.88829,-0.000007,True
27.65963,-45.79057,1,13.56497,-0.000008,92.88829,-0.000007,True
27.67685,-45.65304,1,13.55804,-0.000028,92.88829,0.00001,True
27.69251,-45.5279,1,13.55172,-0.000013,92.88829,0.000009,True
27.70777,-45.40594,1,13.54557,-0.000002,92.88829,0.000004,True
27.7239,-45.27706,1,13.53907,0.000002,92.88829,0,True
27.73937,-45.15345,1,13.53283,0.000002,92.88829,0,True
27.75447,-45.03285,1,13.52675,0.000001,92.88829,-0.000001,True
27.7705,-44.90475,1,13.52028,0,92.88829,-0.000001,True
27.7869,-44.77375,1,13.51367,0,92.88829,0,True
27.80268,-44.64769,1,13.50731,0,92.88829,0,True
27.81697,-44.53347,1,13.50155,0,92.88829,0,True
27.83281,-44.40688,1,13.49516,0,92.88829,0,True
27.84774,-44.28759,1,13.48915,0,92.88829,0,True
27.86232,-44.17111,1,13.48327,0,92.88829,0,True
27.87781,-44.04741,1,13.47703,0,92.88829,0,True
27.89306,-43.92552,1,13.47088,0,92.88829,0,True
27.90893,-43.79869,1,13.46448,0,92.88829,0,True
27.92393,-43.67884,1,13.45843,0,92.88829,0,True
27.9395,-43.55446,1,13.45216,0,92.88829,0,True
27.95425,-43.43665,1,13.44622,0,92.88829,0,True
27.98502,-43.19079,1,13.43381,-0.000002,92.88829,0,True
27.99565,-43.10587,1,13.42953,-0.000002,92.88829,0,True
28.00461,-43.03429,1,13.42591,-0.000001,92.88829,0,True
28.03715,-42.77424,1,13.41279,0,92.88829,0,True
28.04906,-42.6791,1,13.40799,0,92.88829,0,True
28.07548,-42.46799,1,13.39734,0,92.88829,0,True
28.09488,-42.31297,1,13.38952,0,92.88829,0,True
28.11259,-42.17151,1,13.38239,0,92.88829,0,True
28.12983,-42.03375,1,13.37543,0,92.88829,0,True
28.1455,-41.90855,1,13.36912,0,92.88829,0,True
28.16158,-41.78014,1,13.36264,0,92.88829,0,True
28.17774,-41.65097,1,13.35612,0,92.88829,0,True
28.19271,-41.53139,1,13.35009,0,92.88829,0,True
28.20833,-41.40657,1,13.34379,0,92.88829,0,True
28.22401,-41.28127,1,13.33747,0,92.88829,0,True
28.23981,-41.15502,1,13.3311,0,92.88829,0,True
28.25482,-41.03517,1,13.32505,0,92.88829,0,True
28.27062,-40.90891,1,13.31868,0,92.88829,0,True
28.28557,-40.7894,1,13.31265,0,92.88829,0,True
28.30264,-40.6531,1,13.30578,0,92.88829,0,True
28.31889,-40.52324,1,13.29923,0,92.88829,0,True
28.33549,-40.39058,1,13.29253,0,92.88829,0,True
28.35167,-40.26131,1,13.28601,0,92.88829,0,True
28.36711,-40.13794,1,13.27979,0,92.88829,0,True
28.38193,-40.01956,1,13.27381,0,92.88829,0,True
28.39735,-39.89636,1,13.2676,0,92.88829,0,True
28.41233,-39.77664,1,13.26156,0,92.88829,0,True
28.42799,-39.65151,1,13.25524,0,92.88829,0,True
28.44636,-39.50473,1,13.24784,0,92.88829,0,True
28.4617,-39.38223,1,13.24166,0,92.88829,0,True
28.49234,-39.13739,1,13.22931,0,92.88829,0,True
28.50274,-39.0543,1,13.22511,0,92.88829,0,True
28.51239,-38.97721,1,13.22122,0,92.88829,0,True
28.5445,-38.72062,1,13.20828,0,92.88829,0,True
28.55774,-38.6148,1,13.20294,0,92.88829,0,True
28.58039,-38.4339,1,13.19381,0,92.88829,0,True
28.59896,-38.28553,1,13.18633,0,92.88829,0,True
28.61705,-38.14094,1,13.17903,0,92.88829,0,True
28.63634,-37.98687,1,13.17126,0,92.88829,0,True
28.65553,-37.98687,1,13.17126,0,92.88829,0,False
28.68404,-37.98687,1,13.17126,0,92.88829,0,False
28.69336,-37.98687,1,13.17126,0,92.88829,0,False
28.70102,-37.98687,1,13.17126,0,92.88829,0.000001,False
28.73003,-37.98687,1,13.17126,0,92.88829,0.000001,False
28.74645,-37.98687,1,13.17126,0,92.88829,0.000001,False
28.78342,-37.98687,1,13.17126,0,92.88829,0.000001,False
28.79394,-37.98687,1,13.17126,0,92.88829,0.000001,False
28.8022,-37.98687,1,13.17126,0,92.88829,0.000001,False
28.83525,-37.98687,1,13.17126,0,92.88829,0.000001,False
28.85174,-37.98687,1,13.17126,0,92.88829,0.000001,False
28.86797,-37.98687,1,13.17126,0,92.88829,0.000001,False
28.88454,-37.98687,1,13.17126,0,92.88829,0.000001,False
28.89949,-37.98687,1,13.17126,0,92.88829,0.000001,False
28.91535,-37.98687,1,13.17126,0,92.88829,0.000001,False
28.93083,-37.98687,1,13.17126,0,92.88829,0.000001,False
28.94669,-37.98687,1,13.17126,0.000001,92.88829,0.000001,False
28.96248,-37.98687,1,13.17126,0.000001,92.88829,0.000001,False
28.99687,-37.98687,1,13.17126,0.000001,92.88829,0.000001,False
29.00607,-37.98687,1,13.17126,0.000001,92.88829,0.000001,False
29.01656,-37.98687,1,13.17126,0.000001,92.88829,0.000001,False
29.04728,-37.98687,1,13.17126,0.000001,92.88829,0.000001,False
29.06308,-37.98687,1,13.17126,0.000001,92.88829,0.000001,False
29.07936,-37.98687,1,13.17126,0.000001,92.88829,0.000001,False
29.09285,-37.98687,1,13.17126,0.000001,92.88829,0.000001,False
29.10933,-37.98687,1,13.17126,0.000001,92.88829,0.000001,False
29.12557,-37.98687,1,13.17126,0.000001,92.88829,0.000001,False
29.14134,-37.98687,1,13.17126,0.000001,92.88829,0.000001,False
29.15725,-37.98687,1,13.17126,0.000001,92.88829,0.000001,False
29.17299,-37.98687,1,13.17126,0.000001,92.88829,0.000001,False
29.1894,-37.98687,1,13.17126,0.000001,92.88829,0.000001,False
29.20578,-37.98687,1,13.17126,0.000001,92.88829,0.000001,False
29.22177,-37.98687,1,13.17126,0.000001,92.88829,0.000001,False
29.23791,-37.98687,1,13.17126,0.000001,92.88829,0.000001,False
29.25397,-37.98687,1,13.17126,0.000001,92.88829,0.000001,False
29.26907,-37.98687,1,13.17126,0.000001,92.88829,0.000001,False
29.28444,-37.98687,1,13.17126,0.000001,92.88829,0.000001,False
29.29972,-37.98687,1,13.17126,0.000001,92.88829,0.000001,False
29.31614,-37.98687,1,13.17126,0.000001,92.88829,0.000001,False
29.3297,-37.98687,1,13.17126,0.000001,92.88829,0.000001,False
29.34674,-37.85072,1,13.16439,0.000001,92.88829,0.000001,True
29.37115,-37.65573,1,13.15455,0.000002,92.88829,-0.000049,True
29.38593,-37.53761,1,13.14859,0.00002,92.88829,-0.000027,True
29.39637,-37.45421,1,13.14438,0.00002,92.88829,-0.000027,True
29.42779,-37.20317,1,13.13172,0.00001,92.88829,-0.000025,True
29.44183,-37.09098,1,13.12606,0.000008,92.88829,0.000011,True
29.46899,-36.87394,0.999999,13.11511,0.000023,92.88829,0.000053,True
29.50971,-36.54861,0.999999,13.0987,0.000068,92.88828,0.000075,True
29.51791,-36.4831,0.999999,13.09539,0.000068,92.88828,0.000075,True
29.53289,-36.36343,0.999999,13.08935,0.00004,92.88828,0.000052,True
29.56007,-36.14623,1,13.07839,-0.000002,92.88828,-0.000002,True
29.57506,-36.02649,1,13.07235,-0.000002,92.88828,-0.000002,True
29.59419,-35.87367,1,13.06464,0.000017,92.88828,0.000003,True
29.61115,-35.73816,1,13.0578,0.000021,92.88828,-0.000047,True
29.63014,-35.58641,1,13.05015,0.000008,92.88828,-0.000042,True
29.64946,-35.43204,1,13.04236,0.000002,92.88828,-0.00002,True
29.66856,-35.27941,1,13.03466,0,92.88828,-0.000003,True
29.68526,-35.14605,1,13.02793,0,92.88828,0.000005,True
29.70162,-35.01529,1,13.02133,0,92.88828,0.000005,True
29.71847,-34.88068,1,13.01454,0,92.88828,0.000005,True
29.73325,-34.76256,1,13.00858,0,92.88828,0.000002,True
29.74657,-34.65617,1,13.00321,0,92.88828,0,True
29.76188,-34.53378,1,12.99704,0,92.88828,-0.000001,True
29.7767,-34.4154,1,12.99107,0,92.88828,-0.000001,True
29.79272,-34.2874,1,12.98461,0,92.88828,-0.000001,True
29.8071,-34.17249,1,12.97881,0,92.88828,0,True
29.82139,-34.05839,1,12.97305,0,92.88828,0,True
29.8371,-33.93279,1,12.96672,0,92.88828,0,True
29.85175,-33.81577,1,12.96081,0,92.88828,0,True
29.86672,-33.69618,1,12.95478,0,92.88828,0,True
29.88164,-33.57698,1,12.94877,0,92.88828,0,True
29.8962,-33.46064,1,12.9429,0,92.88828,0,True
29.91171,-33.33672,1,12.93664,0,92.88828,0,True
29.92639,-33.21943,1,12.93073,0,92.88828,0,True
29.94158,-33.09806,1,12.9246,0,92.88828,0,True
29.95655,-32.97847,1,12.91857,0,92.88828,0,True
29.97063,-32.86593,1,12.91289,0,92.88828,0,True
29.98551,-32.74705,1,12.90689,0,92.88828,0,True
30.01666,-32.49817,1,12.89434,0,92.88828,0,True
30.02757,-32.41097,1,12.88994,0,92.88828,0,True
30.03804,-32.32734,1,12.88572,0,92.88828,0,True
30.06781,-32.08951,1,12.87372,0,92.88828,0,True
30.08086,-31.98525,1,12.86846,0,92.88828,0,True
30.09801,-31.84816,1,12.86154,0,92.88828,0,True
30.11331,-31.72596,1,12.85538,0,92.88828,0,True
30.12807,-31.608,1,12.84943,0,92.88828,0,True
30.14365,-31.48354,1,12.84315,0,92.88828,0,True
30.16085,-31.34612,1,12.83621,0,92.88828,0,True
30.17627,-31.22291,1,12.83,0,92.88828,0,True
30.19223,-31.09538,1,12.82356,0,92.88828,0,True
30.20781,-30.97091,1,12.81728,0,92.88828,0,True
30.22242,-30.85417,1,12.81139,0,92.88828,0,True
30.23755,-30.7333,1,12.8053,0,92.88828,0,True
30.25277,-30.61166,1,12.79916,0,92.88828,0,True
30.26729,-30.49568,1,12.79331,0,92.88828,0,True
30.28216,-30.37686,1,12.78731,0,92.88828,0,True
30.29737,-30.25533,1,12.78118,0,92.88828,0,True
30.31506,-30.11401,1,12.77405,0,92.88828,0,True
30.33318,-29.96926,1,12.76675,0,92.88828,0,True
30.34801,-29.85075,1,12.76077,0,92.88828,0,True
30.36359,-29.72626,1,12.75449,0,92.88828,0,True
30.3783,-29.60872,1,12.74856,0,92.88828,0,True
30.39269,-29.49375,1,12.74276,0,92.88828,0,True
30.40759,-29.37469,1,12.73675,0,92.88828,0,True
30.42319,-29.2501,1,12.73046,0,92.88828,0,True
30.43806,-29.13123,1,12.72447,0,92.88828,0,True
30.45349,-29.00795,1,12.71825,0,92.88828,0,True
30.4677,-28.89446,1,12.71252,0,92.88828,0,True
30.4826,-28.77535,1,12.70651,0,92.88828,0,True
30.49777,-28.65421,1,12.7004,0,92.88828,0,True
30.52893,-28.40519,1,12.68784,0,92.88828,0,True
30.53962,-28.31984,1,12.68353,0,92.88828,0,True
30.54836,-28.24994,1,12.68001,0,92.88828,0,True
30.58115,-27.98799,1,12.66679,0,92.88828,0,True
30.59589,-27.87021,1,12.66085,0,92.88828,0,True
30.62022,-27.67583,1,12.65104,0,92.88828,0,True
30.63517,-27.55641,1,12.64501,0,92.88828,0,True
30.65461,-27.40109,1,12.63718,0,92.88828,0,True
30.67314,-27.253,1,12.62971,0,92.88828,0,True
30.69201,-27.10226,1,12.6221,0,92.88828,0,True
30.71056,-26.95402,1,12.61462,0,92.88828,0,True
30.73167,-26.95402,1,12.61462,0,92.88828,0,False
30.75807,-26.95402,1,12.61462,0,92.88828,0,False
30.76868,-26.95402,1,12.61462,0,92.88828,0,False
30.77576,-26.95402,1,12.61462,0,92.88828,0,False
30.80534,-26.95402,1,12.61462,0,92.88828,0,False
30.81919,-26.95402,1,12.61462,0,92.88828,0,False
30.84194,-26.95402,1,12.61462,0,92.88828,-0.000001,False
30.87545,-26.95402,1,12.61462,0,92.88828,-0.000001,False
30.88283,-26.95402,1,12.61462,0,92.88828,-0.000001,False
30.89046,-26.95402,1,12.61462,0,92.88828,-0.000001,False
30.92382,-26.95402,1,12.61462,0,92.88828,-0.000001,False
30.93821,-26.95402,1,12.61462,0,92.88828,-0.000001,False
30.9594,-26.95402,1,12.61462,0.000001,92.88828,-0.000001,False
30.97754,-26.95402,1,12.61462,0.000001,92.88828,-0.000002,False
30.99646,-26.95402,1,12.61462,0.000001,93.45604,-0.000002,False
31.03389,-26.95402,1,12.61462,0.000001,94.57877,-0.000002,False
31.04157,-26.95402,1,12.61462,0,94.8094,-0.000001,False
31.05507,-26.95402,1,12.61462,0,95.21413,-0.000001,False
31.08327,-26.95402,1,12.61462,0,96.06014,0,False
31.10259,-26.95402,1,12.61462,0,96.6399,0,False
31.12076,-26.95402,1,12.61462,0,97.18498,0,False
31.15168,-26.95402,1,12.61462,0,98.11264,0,False
31.16165,-26.95402,1,12.61462,0,98.41177,0,False
31.18692,-26.95402,1,12.61462,0,99.16991,0,False
31.19495,-26.95402,1,12.61462,0,99.41062,0,False
31.22736,-26.95402,1,12.61462,0,100.383,0,False
31.24151,-26.95402,1,12.61462,0,100.8076,0,False
31.26328,-26.95402,1,12.61462,0,101.4605,0,False
31.28322,-26.95402,1,12.61462,0,102.0587,0,False
31.30266,-26.95402,1,12.61462,0,102.6421,0,False
31.31988,-26.95402,1,12.61462,0,103.1585,0,False
31.33613,-26.95402,1,12.61462,0,103.6461,0,False
31.3496,-26.95402,1,12.61462,0,104.0502,0,False
31.36363,-26.95402,1,12.61462,0,104.4711,0,False
31.37946,-26.95402,1,12.61462,0,104.9461,0,False
31.39619,-26.95402,1,12.61462,0,105.4479,0,False
31.41399,-26.95402,1,12.61462,0,105.9819,0,False
31.43174,-26.95402,1,12.61462,0,106.5145,0,False
31.44906,-26.95402,1,12.61462,0,107.034,0,False
31.46662,-26.95402,1,12.61462,0,107.5607,0,False
31.48425,-26.95402,1,12.61462,0,108.0897,0,False
31.5022,-26.95402,1,12.61462,0,108.6281,0,False
31.52088,-26.95402,1,12.61462,0,109.1885,0,False
31.55861,-26.95402,1,12.61462,0,110.3206,0,False
31.57001,-26.95402,1,12.61462,0,110.6627,0,False
31.58114,-26.95402,1,12.61462,0,110.9964,0,False
31.61484,-26.95402,1,12.61462,0,112.0074,0,False
31.63224,-26.95402,1,12.61462,0,112.5293,0,False
31.6478,-26.95402,1,12.61462,0,112.9962,0,False
31.66321,-26.95402,1,12.61462,0,113.4585,0,False
31.68103,-26.95402,1,12.61462,0,113.9931,0,False
31.69769,-26.95402,1,12.61462,0,114.4928,0,False
31.71754,-26.95402,1,12.61462,0,115.0883,0,False
31.73413,-26.95402,1,12.61462,0,115.5862,0,False
31.75204,-26.95402,1,12.61462,0,116.1233,0,False
31.76895,-26.95402,1,12.61462,0,116.6307,0,False
31.78475,-26.95402,1,12.61462,0,117.1046,0,False
31.80031,-26.95402,1,12.61462,0,117.5713,0,False
31.81578,-26.95402,1,12.61462,0,118.0355,0,False
31.83144,-26.95402,1,12.61462,0,118.5054,0,False
31.84696,-26.95402,1,12.61462,0,118.9709,0,False
31.86347,-26.95402,1,12.61462,0,119.4662,0,False
31.87945,-26.95402,1,12.61462,0,119.9458,0,False
31.89587,-26.95402,1,12.61462,0,120.4383,0,False
31.91221,-26.95402,1,12.61462,0,120.9283,0,False
31.92803,-26.95402,1,12.61462,0,121.4031,0,False
31.94269,-26.95402,1,12.61462,0,121.8429,0,False
31.95871,-26.95402,1,12.61462,0,122.3233,0,False
31.97399,-26.95402,1,12.61462,0,122.7817,0,False
31.98971,-26.95402,1,12.61462,0,123.2535,0,False
32.00381,-26.95402,1,12.61462,0,123.6766,0,False
32.01833,-26.95402,1,12.61462,0,124.112,0,False
32.03286,-26.95402,1,12.61462,0,124.5478,0,False
32.06314,-26.95402,1,12.61462,0,125.4565,0,False
32.07423,-26.95402,1,12.61462,0,125.7892,0,False
32.08229,-26.95402,1,12.61462,0,126.0309,0,False
32.11431,-26.95402,1,12.61462,0,126.9915,0,False
32.12817,-26.95402,1,12.61462,0,127.4072,0,False
32.14909,-26.95402,1,12.61462,0,128.0349,0,False
32.16625,-26.95402,1,12.61462,0,128.5496,0,False
32.18335,-26.95402,1,12.61462,0,129.0625,0,False
32.20069,-26.95402,1,12.61462,0,129.5829,0,False
32.21799,-26.95402,1,12.61462,0,130.1019,0,False
32.23435,-26.95402,1,12.61462,0,130.5926,0,False
32.25065,-26.95402,1,12.61462,0,131.0816,0,False
32.26685,-26.95402,1,12.61462,0,131.5675,0,False
32.28622,-26.95402,1,12.61462,0,132.1487,0,False
32.30101,-26.95402,1,12.61462,0,132.5926,0,False
32.31438,-26.95402,1,12.61462,0,132.9934,0,False
32.32735,-26.95402,1,12.61462,0,133.3825,0,False
32.34138,-26.95402,1,12.61462,0,133.8037,0,False
32.35572,-26.95402,1,12.61462,0,134.2338,0,False
32.37075,-26.95402,1,12.61462,0,134.6845,0,False
32.38623,-26.95402,1,12.61462,0,135.1492,0,False
32.40107,-26.95402,1,12.61462,0,135.5943,0,False
32.41516,-26.95402,1,12.61462,0,136.0169,0,False
32.43079,-26.95402,1,12.61462,0,136.4859,0,False
32.44564,-26.95402,1,12.61462,0,136.9315,0,False
32.46093,-26.95402,1,12.61462,0,137.39,0,False
32.47562,-26.95402,1,12.61462,0,137.8307,0,False
32.48954,-26.95402,1,12.61462,0,138.2484,0,False
32.50378,-26.95402,1,12.61462,0,138.6754,0,False
32.51947,-26.95402,1,12.61462,0,139.1461,0,False
32.53473,-26.95402,1,12.61462,0,139.6039,0,False
32.56561,-26.95402,1,12.61462,0,140.5304,0,False
32.57638,-26.95402,1,12.61462,0,140.8537,0,False
32.58601,-26.95402,1,12.61462,0,141.1426,0,False
32.6145,-26.95402,1,12.61462,0,141.9972,0,False
32.62888,-26.95402,1,12.61462,0,142.4285,0,False
32.64234,-26.95402,1,12.61462,0,142.8325,0,False
32.65735,-26.95402,1,12.61462,0,143.2826,0,False
32.67113,-26.95402,1,12.61462,0,143.6962,0,False
32.6855,-26.95402,1,12.61462,0,144.127,0,False
32.70008,-26.95402,1,12.61462,0,144.5645,0,False
32.71534,-26.95402,1,12.61462,0,145.0225,0,False
32.73101,-26.95402,1,12.61462,0,145.4926,0,False
32.74649,-26.95402,1,12.61462,0,145.957,0,False
32.76204,-26.95402,1,12.61462,0,146.4233,0,False
32.77952,-26.95402,1,12.61462,0,146.4233,0,False
32.80184,-26.95402,1,12.61462,0,146.4233,0,False
32.81501,-26.95402,1,12.61462,0,146.4233,0,False
32.82421,-26.95402,1,12.61462,0,146.4233,0,False
32.85096,-26.95402,1,12.61462,0,146.4233,0,False
32.8646,-26.95402,1,12.61462,0,146.4233,0,False
32.88667,-26.95402,1,12.61462,0,146.4233,0,False
32.91852,-26.95402,1,12.61462,0,146.4233,0,False
32.92773,-26.95402,1,12.61462,0,146.4233,0,False
32.93627,-26.95402,1,12.61462,0,146.4233,0,False
32.96712,-26.95402,1,12.61462,0,146.4233,0,False
32.97883,-26.95402,1,12.61462,0,146.4233,0,False
32.99846,-26.95402,1,12.61462,0,146.4233,0,False
33.01377,-26.95402,1,12.61462,0,146.4233,0,False
33.02932,-26.95402,1,12.61462,0,146.4233,0,False
33.04414,-26.95402,1,12.61462,0,146.4233,0,False
33.07412,-26.95402,1,12.61462,0,146.4233,0,False
33.08258,-26.95402,1,12.61462,0,146.4233,0,False
33.09172,-26.95402,1,12.61462,0,146.4233,0,False
33.11429,-26.95402,1,12.61462,0,146.4233,0,False
33.12979,-26.95402,1,12.61462,0,146.4233,0,False
33.14651,-26.88004,1,12.50317,0,146.4233,0,True
33.1712,-26.77079,1,12.33859,0,146.4233,0,True
33.18283,-26.71933,1,12.26106,0,146.4233,0,True
33.19143,-26.6813,1,12.20378,0,146.4233,0,True
33.21901,-26.55926,1,12.01994,0,146.4233,0,True
33.23269,-26.49872,1,11.92873,0,146.4233,0,True
33.25764,-26.38834,1,11.76245,0,146.4233,0,True
33.27595,-26.30733,1,11.64041,0,146.4233,0,True
33.28391,-26.27214,1,11.5874,0,146.4233,0,True
33.31112,-26.15172,1,11.406,0,146.4233,0,True
33.32549,-26.08818,1,11.31027,0,146.4233,0,True
33.34476,-26.00289,1,11.18179,0,146.4233,0,True
33.36401,-25.91772,1,11.05349,0,146.4233,0,True
33.37996,-25.84718,1,10.94722,0,146.4233,0,True
33.39597,-25.77634,1,10.84051,0,146.4233,0,True
33.41112,-25.70928,1,10.73948,0,146.4233,0,True
33.42536,-25.64627,1,10.64457,0,146.4233,0,True
33.43989,-25.58201,1,10.54775,0,146.4233,0,True
33.45439,-25.51786,1,10.45112,0,146.4233,0,True
33.46867,-25.45467,1,10.35593,0,146.4233,0,True
33.48168,-25.39709,1,10.26919,0,146.4233,0,True
33.49676,-25.33038,1,10.16869,0,146.4233,0,True
33.51148,-25.26524,1,10.07055,0,146.4233,0,True
33.52595,-25.20123,1,9.974131,0,146.4233,0,True
33.54116,-25.13395,1,9.872779,0,146.4233,0,True
33.55549,-25.07055,1,9.777268,0,146.4233,0,True
33.58486,-24.94058,1,9.581476,0,146.4233,0,True
33.59516,-24.89501,1,9.512831,0,146.4233,0,True
